"","GEOID","ZIP"
"1",2220000100,"99835"
"2",2220000200,"99835"
"3",2230000100,"99840"
"4",2240000100,"99732"
"5",2240000100,"99780"
"6",2240000100,"99738"
"7",2240000100,"99764"
"8",2240000100,"99776"
"9",2240000400,"99737"
"10",2261000100,"99586"
"11",2261000100,"99573"
"12",2261000100,"99588"
"13",2261000100,"99566"
"14",2261000200,"99574"
"15",2261000300,"99686"
"16",2261000300,"99677"
"17",2261000300,"99693"
"18",2270000100,"99657"
"19",2270000100,"99585"
"20",2270000100,"99658"
"21",2270000100,"99666"
"22",2270000100,"99604"
"23",2270000100,"99563"
"24",2270000100,"99632"
"25",2270000100,"99662"
"26",2270000100,"99581"
"27",2270000100,"99554"
"28",2270000100,"99650"
"29",2270000100,"99620"
"30",2275000300,"99929"
"31",2275000300,"99903"
"32",2282000100,"99689"
"33",2290000100,"99740"
"34",2290000100,"99730"
"35",2290000100,"99788"
"36",2290000100,"99722"
"37",2290000100,"99724"
"38",2290000100,"99733"
"39",2290000100,"99781"
"40",2290000200,"99758"
"41",2290000200,"99777"
"42",2290000200,"99704"
"43",2290000200,"99774"
"44",2290000200,"99756"
"45",2290000200,"99726"
"46",2290000200,"99760"
"47",2290000200,"99767"
"48",2290000300,"99765"
"49",2290000300,"99768"
"50",2290000300,"99741"
"51",2290000300,"99748"
"52",2290000300,"99746"
"53",2290000300,"99720"
"54",2290000300,"99745"
"55",2290000300,"99754"
"56",2290000400,"99602"
"57",2290000400,"99691"
"58",2290000400,"99590"
"59",2290000400,"99757"
"60",2290000400,"99627"
"61",2290000400,"99665"
"62",2290000400,"99558"
"63",22001960100,"70525"
"64",22001960200,"70535"
"65",22001960200,"70516"
"66",22001960200,"70525"
"67",22001960200,"70526"
"68",22001960200,"70543"
"69",22001960300,"70535"
"70",22001960300,"70537"
"71",22001960300,"70546"
"72",22001960300,"70543"
"73",22001960300,"70515"
"74",22001960400,"70543"
"75",22001960400,"70526"
"76",22001960400,"70537"
"77",22001960400,"70531"
"78",22001960400,"70516"
"79",22001960400,"70578"
"80",22001960500,"70516"
"81",22001960500,"70583"
"82",22001960500,"70525"
"83",22001960500,"70578"
"84",22001960600,"70578"
"85",22001960600,"70529"
"86",22001960600,"70583"
"87",22001960700,"70578"
"88",22001960800,"70578"
"89",22001960800,"70526"
"90",22001960900,"70526"
"91",22001961000,"70526"
"92",22001961100,"70556"
"93",22001961100,"70559"
"94",22001961100,"70534"
"95",22001961100,"70526"
"96",22001961200,"70578"
"97",22001961200,"70559"
"98",22001961200,"70526"
"99",22003950100,"70662"
"100",22003950100,"70658"
"101",22003950100,"70656"
"102",22003950100,"70654"
"103",22003950100,"70657"
"104",22003950100,"70648"
"105",22003950100,"70637"
"106",22003950100,"71463"
"107",22003950100,"70644"
"108",22003950100,"70638"
"109",22003950100,"70651"
"110",22003950100,"70655"
"111",22003950200,"71433"
"112",22003950200,"71463"
"113",22003950300,"71463"
"114",22003950400,"70532"
"115",22003950400,"70648"
"116",22003950400,"71463"
"117",22003950400,"70655"
"118",22003950500,"70648"
"119",22003950500,"70655"
"120",22003950500,"70532"
"121",22003950500,"70640"
"122",22005030101,"70769"
"123",22005030101,"70737"
"124",22005030102,"70737"
"125",22005030102,"70774"
"126",22005030103,"70769"
"127",22005030103,"70774"
"128",22005030103,"70737"
"129",22005030203,"70769"
"130",22005030204,"70769"
"131",22005030205,"70769"
"132",22005030205,"70737"
"133",22005030206,"70737"
"134",22005030206,"70769"
"135",22005030300,"70734"
"136",22005030300,"70769"
"137",22005030300,"70778"
"138",22005030300,"70737"
"139",22005030300,"70725"
"140",22005030401,"70737"
"141",22005030402,"70737"
"142",22005030500,"70737"
"143",22005030500,"70774"
"144",22005030500,"70449"
"145",22005030500,"70778"
"146",22005030600,"70778"
"147",22005030600,"70737"
"148",22005030900,"70346"
"149",22005031000,"70346"
"150",22007050100,"70339"
"151",22007050100,"70346"
"152",22007050100,"70341"
"153",22007050200,"70339"
"154",22007050300,"70391"
"155",22007050300,"70390"
"156",22007050300,"70341"
"157",22007050300,"70393"
"158",22007050400,"70390"
"159",22007050500,"70372"
"160",22007050500,"70390"
"161",22007050500,"70301"
"162",22007050600,"70301"
"163",22007050600,"70372"
"164",22007050600,"70380"
"165",22009030100,"71350"
"166",22009030100,"71355"
"167",22009030100,"71351"
"168",22009030200,"71331"
"169",22009030200,"71323"
"170",22009030200,"71360"
"171",22009030200,"71328"
"172",22009030300,"71341"
"173",22009030300,"71351"
"174",22009030400,"71350"
"175",22009030400,"71351"
"176",22009030500,"71350"
"177",22009030500,"71341"
"178",22009030500,"71322"
"179",22009030600,"71322"
"180",22009030600,"71367"
"181",22009030700,"71355"
"182",22009030700,"71333"
"183",22009030700,"71362"
"184",22009030700,"71350"
"185",22009030700,"71327"
"186",22009030700,"71322"
"187",22009030800,"71362"
"188",22009030800,"71327"
"189",22009030800,"71333"
"190",22009030800,"71356"
"191",22009030900,"71362"
"192",22009030900,"71355"
"193",22009030900,"71369"
"194",22009030900,"71353"
"195",22009030900,"71339"
"196",22011960100,"70657"
"197",22011960100,"70652"
"198",22011960100,"70637"
"199",22011960100,"70662"
"200",22011960100,"70634"
"201",22011960200,"70653"
"202",22011960200,"70634"
"203",22011960300,"70634"
"204",22011960400,"70634"
"205",22011960500,"70634"
"206",22011960600,"70634"
"207",22011960600,"70660"
"208",22011960600,"70661"
"209",22011960600,"70653"
"210",22011960700,"70652"
"211",22011960700,"70657"
"212",22011960700,"70660"
"213",22011960700,"70633"
"214",22011960700,"70634"
"215",22013970100,"71275"
"216",22013970100,"71001"
"217",22013970200,"71008"
"218",22013970200,"71001"
"219",22013970200,"71055"
"220",22013970200,"71028"
"221",22013970300,"71068"
"222",22013970300,"71039"
"223",22013970400,"71039"
"224",22013970400,"71016"
"225",22013970400,"71024"
"226",22013970400,"71045"
"227",22013970400,"71068"
"228",22013970500,"71268"
"229",22013970500,"71024"
"230",22013970500,"71045"
"231",22013970500,"71008"
"232",22013970500,"71251"
"233",22013970500,"71016"
"234",22013970500,"71028"
"235",22013970500,"71070"
"236",22013970500,"71275"
"237",22015010400,"71101"
"238",22015010400,"71107"
"239",22015010400,"71111"
"240",22015010500,"71111"
"241",22015010601,"71112"
"242",22015010601,"71111"
"243",22015010602,"71111"
"244",22015010602,"71112"
"245",22015010701,"71111"
"246",22015010701,"71112"
"247",22015010702,"71112"
"248",22015010801,"71104"
"249",22015010801,"71111"
"250",22015010801,"71112"
"251",22015010804,"71112"
"252",22015010805,"71112"
"253",22015010805,"71105"
"254",22015010806,"71112"
"255",22015010900,"71110"
"256",22015011001,"71023"
"257",22015011001,"71051"
"258",22015011001,"71037"
"259",22015011001,"71112"
"260",22015011002,"71037"
"261",22015011002,"71051"
"262",22015011002,"71115"
"263",22015011002,"71023"
"264",22015011002,"71112"
"265",22015011103,"71018"
"266",22015011103,"71037"
"267",22015011103,"71067"
"268",22015011103,"71006"
"269",22015011105,"71037"
"270",22015011105,"71067"
"271",22015011106,"71037"
"272",22015011106,"71067"
"273",22015011106,"71023"
"274",22015011106,"71106"
"275",22015011107,"71006"
"276",22015011108,"71111"
"277",22015011108,"71006"
"278",22015011109,"71112"
"279",22015011109,"71111"
"280",22015011110,"71111"
"281",22015011200,"71071"
"282",22015011200,"71018"
"283",22015011200,"71075"
"284",22015011200,"71064"
"285",22015011200,"71006"
"286",22015011300,"71111"
"287",22017020500,"71107"
"288",22017020500,"71101"
"289",22017020600,"71101"
"290",22017020700,"71101"
"291",22017020700,"71103"
"292",22017021000,"71103"
"293",22017021000,"71101"
"294",22017021000,"71104"
"295",22017021100,"71104"
"296",22017021100,"71101"
"297",22017021200,"71104"
"298",22017021300,"71105"
"299",22017021300,"71101"
"300",22017021300,"71104"
"301",22017021400,"71104"
"302",22017021400,"71105"
"303",22017021500,"71104"
"304",22017021500,"71105"
"305",22017021600,"71106"
"306",22017021600,"71104"
"307",22017021700,"71103"
"308",22017021700,"71108"
"309",22017021800,"71103"
"310",22017021800,"71107"
"311",22017021900,"71103"
"312",22017022000,"71103"
"313",22017022100,"71103"
"314",22017022100,"71109"
"315",22017022200,"71109"
"316",22017022300,"71103"
"317",22017022300,"71109"
"318",22017022400,"71108"
"319",22017022400,"71109"
"320",22017022500,"71108"
"321",22017022600,"71106"
"322",22017022700,"71105"
"323",22017022800,"71105"
"324",22017022900,"71105"
"325",22017023000,"71105"
"326",22017023100,"71106"
"327",22017023200,"71106"
"328",22017023300,"71106"
"329",22017023300,"71108"
"330",22017023400,"71108"
"331",22017023500,"71109"
"332",22017023600,"71109"
"333",22017023700,"71106"
"334",22017023700,"71108"
"335",22017023800,"71106"
"336",22017023901,"71105"
"337",22017023901,"71115"
"338",22017023903,"71105"
"339",22017023903,"71115"
"340",22017023903,"71106"
"341",22017023904,"71105"
"342",22017023905,"71105"
"343",22017023905,"71115"
"344",22017024000,"71115"
"345",22017024000,"71106"
"346",22017024102,"71047"
"347",22017024102,"71118"
"348",22017024102,"71106"
"349",22017024104,"71118"
"350",22017024104,"71106"
"351",22017024104,"71108"
"352",22017024106,"71118"
"353",22017024106,"71108"
"354",22017024107,"71118"
"355",22017024107,"71108"
"356",22017024108,"71118"
"357",22017024109,"71106"
"358",22017024109,"71118"
"359",22017024201,"71129"
"360",22017024201,"71109"
"361",22017024202,"71129"
"362",22017024202,"71047"
"363",22017024203,"71046"
"364",22017024203,"71007"
"365",22017024203,"71047"
"366",22017024203,"71129"
"367",22017024301,"71119"
"368",22017024301,"71033"
"369",22017024303,"71033"
"370",22017024303,"71129"
"371",22017024304,"71007"
"372",22017024304,"71033"
"373",22017024304,"71129"
"374",22017024400,"71119"
"375",22017024400,"71109"
"376",22017024503,"71107"
"377",22017024504,"71060"
"378",22017024504,"71107"
"379",22017024601,"71107"
"380",22017024602,"71107"
"381",22017024700,"71107"
"382",22017024800,"71029"
"383",22017024800,"71107"
"384",22017024800,"71060"
"385",22017024800,"71004"
"386",22017024900,"71069"
"387",22017024900,"71082"
"388",22017024900,"71060"
"389",22017024900,"71061"
"390",22017025000,"71082"
"391",22017025100,"71069"
"392",22017025100,"71044"
"393",22017025100,"71043"
"394",22017025100,"71029"
"395",22017025200,"71101"
"396",22017025200,"71103"
"397",22017025300,"71103"
"398",22017025300,"71101"
"399",22017025405,"71107"
"400",22017025406,"71107"
"401",22017025406,"71060"
"402",22017980000,"71109"
"403",22017980000,"71108"
"404",22019000100,"70601"
"405",22019000200,"70601"
"406",22019000300,"70601"
"407",22019000400,"70601"
"408",22019000500,"70601"
"409",22019000600,"70601"
"410",22019000600,"70615"
"411",22019000700,"70601"
"412",22019000800,"70601"
"413",22019000900,"70601"
"414",22019001000,"70605"
"415",22019001100,"70601"
"416",22019001100,"70605"
"417",22019001100,"70607"
"418",22019001201,"70607"
"419",22019001202,"70607"
"420",22019001300,"70607"
"421",22019001300,"70605"
"422",22019001400,"70601"
"423",22019001400,"70615"
"424",22019001500,"70601"
"425",22019001500,"70615"
"426",22019001600,"70615"
"427",22019001600,"70601"
"428",22019001700,"70601"
"429",22019001700,"70647"
"430",22019001700,"70615"
"431",22019001700,"70607"
"432",22019001801,"70607"
"433",22019001801,"70605"
"434",22019001901,"70605"
"435",22019001901,"70601"
"436",22019001903,"70605"
"437",22019001904,"70605"
"438",22019002000,"70647"
"439",22019002000,"70646"
"440",22019002000,"70630"
"441",22019002000,"70615"
"442",22019002100,"70647"
"443",22019002201,"70607"
"444",22019002201,"70657"
"445",22019002201,"70611"
"446",22019002203,"70611"
"447",22019002204,"70611"
"448",22019002300,"70633"
"449",22019002300,"70663"
"450",22019002400,"70633"
"451",22019002500,"70669"
"452",22019002600,"70669"
"453",22019002700,"70668"
"454",22019002700,"70663"
"455",22019002700,"70669"
"456",22019002800,"70663"
"457",22019002900,"70663"
"458",22019003000,"70663"
"459",22019003101,"70663"
"460",22019003102,"70663"
"461",22019003200,"70669"
"462",22019003200,"70663"
"463",22019003200,"70665"
"464",22019003300,"70665"
"465",22019003400,"70665"
"466",22019003400,"70668"
"467",22019003500,"70668"
"468",22019003600,"70668"
"469",22019003600,"70661"
"470",22019980000,"70615"
"471",22019980100,"70605"
"472",22019980100,"70607"
"473",22021000100,"71418"
"474",22021000200,"71465"
"475",22021000200,"71435"
"476",22021000200,"71441"
"477",22021000200,"71418"
"478",22021000300,"71418"
"479",22021000300,"71435"
"480",22021000300,"71441"
"481",22023970100,"70542"
"482",22023970100,"70607"
"483",22023970100,"70549"
"484",22023970100,"70631"
"485",22023970100,"70630"
"486",22023970100,"70632"
"487",22023970100,"70643"
"488",22023970201,"70631"
"489",22023970201,"70645"
"490",22023970201,"70632"
"491",22025000100,"71401"
"492",22025000100,"71465"
"493",22025000100,"71343"
"494",22025000100,"71340"
"495",22025000100,"71418"
"496",22025000100,"71425"
"497",22025000100,"71368"
"498",22025000100,"71326"
"499",22025000200,"71343"
"500",22025000300,"71354"
"501",22025000300,"71343"
"502",22027950100,"71222"
"503",22027950100,"71079"
"504",22027950100,"71256"
"505",22027950100,"71040"
"506",22027950100,"71048"
"507",22027950100,"71038"
"508",22027950100,"71235"
"509",22027950100,"71001"
"510",22027950200,"71055"
"511",22027950200,"71038"
"512",22027950200,"71040"
"513",22027950300,"71038"
"514",22027950400,"71040"
"515",22027950500,"71028"
"516",22027950500,"71055"
"517",22027950500,"71001"
"518",22027950500,"71003"
"519",22027950500,"71040"
"520",22029000100,"71343"
"521",22029000100,"71326"
"522",22029000100,"71334"
"523",22029000200,"71373"
"524",22029000200,"71334"
"525",22029000300,"71334"
"526",22029000300,"71373"
"527",22029000400,"71373"
"528",22029000500,"71343"
"529",22029000500,"71334"
"530",22029000500,"71373"
"531",22029000500,"71316"
"532",22029000500,"71354"
"533",22031950100,"71046"
"534",22031950100,"71052"
"535",22031950100,"71078"
"536",22031950100,"71032"
"537",22031950100,"71030"
"538",22031950100,"71027"
"539",22031950200,"71049"
"540",22031950200,"71030"
"541",22031950200,"71032"
"542",22031950200,"71046"
"543",22031950300,"71032"
"544",22031950300,"71052"
"545",22031950300,"71027"
"546",22031950300,"71063"
"547",22031950300,"71030"
"548",22031950400,"71032"
"549",22031950400,"71052"
"550",22031950500,"71052"
"551",22031950600,"71052"
"552",22031950700,"71063"
"553",22031950700,"71032"
"554",22031950700,"71419"
"555",22031950700,"71049"
"556",22031950700,"71052"
"557",22033000100,"70805"
"558",22033000200,"70805"
"559",22033000300,"70805"
"560",22033000400,"70805"
"561",22033000500,"70805"
"562",22033000601,"70805"
"563",22033000602,"70802"
"564",22033000602,"70805"
"565",22033000602,"70806"
"566",22033000701,"70805"
"567",22033000702,"70814"
"568",22033000702,"70805"
"569",22033000900,"70806"
"570",22033000900,"70802"
"571",22033001000,"70802"
"572",22033001000,"70806"
"573",22033001102,"70815"
"574",22033001102,"70806"
"575",22033001103,"70806"
"576",22033001103,"70805"
"577",22033001104,"70806"
"578",22033001600,"70802"
"579",22033001600,"70806"
"580",22033001700,"70806"
"581",22033001700,"70808"
"582",22033001800,"70806"
"583",22033001900,"70767"
"584",22033001900,"70806"
"585",22033002000,"70815"
"586",22033002000,"70806"
"587",22033002000,"70809"
"588",22033002200,"70806"
"589",22033002200,"70802"
"590",22033002300,"70808"
"591",22033002300,"70806"
"592",22033002400,"70802"
"593",22033002500,"70802"
"594",22033002500,"70808"
"595",22033002601,"70808"
"596",22033002602,"70810"
"597",22033002602,"70808"
"598",22033002700,"70808"
"599",22033002801,"70802"
"600",22033002801,"70803"
"601",22033002801,"70820"
"602",22033002802,"70808"
"603",22033002802,"70802"
"604",22033003000,"70807"
"605",22033003000,"70805"
"606",22033003101,"70807"
"607",22033003103,"70807"
"608",22033003103,"70811"
"609",22033003201,"70811"
"610",22033003201,"70714"
"611",22033003202,"70811"
"612",22033003202,"70714"
"613",22033003300,"70807"
"614",22033003300,"70805"
"615",22033003300,"70811"
"616",22033003400,"70805"
"617",22033003400,"70811"
"618",22033003400,"70812"
"619",22033003501,"70814"
"620",22033003501,"70811"
"621",22033003504,"70811"
"622",22033003504,"70812"
"623",22033003505,"70812"
"624",22033003505,"70814"
"625",22033003505,"70811"
"626",22033003505,"70805"
"627",22033003506,"70814"
"628",22033003507,"70814"
"629",22033003601,"70815"
"630",22033003603,"70815"
"631",22033003603,"70814"
"632",22033003604,"70815"
"633",22033003701,"70815"
"634",22033003701,"70816"
"635",22033003702,"70815"
"636",22033003702,"70816"
"637",22033003703,"70816"
"638",22033003703,"70815"
"639",22033003801,"70808"
"640",22033003801,"70809"
"641",22033003801,"70806"
"642",22033003802,"70816"
"643",22033003802,"70809"
"644",22033003804,"70809"
"645",22033003804,"70810"
"646",22033003805,"70809"
"647",22033003805,"70810"
"648",22033003805,"70816"
"649",22033003904,"70816"
"650",22033003906,"70816"
"651",22033003906,"70817"
"652",22033003907,"70816"
"653",22033003908,"70817"
"654",22033003908,"70816"
"655",22033003909,"70816"
"656",22033003910,"70816"
"657",22033004005,"70810"
"658",22033004006,"70809"
"659",22033004006,"70810"
"660",22033004009,"70816"
"661",22033004009,"70809"
"662",22033004009,"70810"
"663",22033004009,"70817"
"664",22033004010,"70810"
"665",22033004011,"70810"
"666",22033004011,"70820"
"667",22033004011,"70808"
"668",22033004013,"70808"
"669",22033004013,"70820"
"670",22033004014,"70820"
"671",22033004014,"70808"
"672",22033004015,"70820"
"673",22033004015,"70810"
"674",22033004016,"70820"
"675",22033004016,"70810"
"676",22033004201,"70807"
"677",22033004201,"70714"
"678",22033004201,"70811"
"679",22033004203,"70714"
"680",22033004203,"70807"
"681",22033004204,"70714"
"682",22033004205,"70714"
"683",22033004301,"70818"
"684",22033004301,"70791"
"685",22033004301,"70714"
"686",22033004302,"70791"
"687",22033004302,"70739"
"688",22033004302,"70770"
"689",22033004302,"70818"
"690",22033004401,"70739"
"691",22033004401,"70818"
"692",22033004402,"70818"
"693",22033004402,"70739"
"694",22033004403,"70819"
"695",22033004403,"70739"
"696",22033004403,"70814"
"697",22033004503,"70815"
"698",22033004503,"70739"
"699",22033004503,"70816"
"700",22033004503,"70819"
"701",22033004504,"70816"
"702",22033004504,"70819"
"703",22033004505,"70816"
"704",22033004507,"70817"
"705",22033004508,"70817"
"706",22033004509,"70816"
"707",22033004509,"70817"
"708",22033004510,"70817"
"709",22033004602,"70791"
"710",22033004602,"70714"
"711",22033004602,"70777"
"712",22033004603,"70807"
"713",22033004603,"70748"
"714",22033004603,"70791"
"715",22033004604,"70714"
"716",22033004604,"70791"
"717",22033004604,"70777"
"718",22033004700,"70777"
"719",22033004700,"70791"
"720",22033004700,"70770"
"721",22033004700,"70739"
"722",22033004700,"70722"
"723",22033004800,"70808"
"724",22033004800,"70820"
"725",22033004900,"70808"
"726",22033005000,"70808"
"727",22033005000,"70810"
"728",22033005100,"70801"
"729",22033005100,"70802"
"730",22033005100,"70805"
"731",22033005200,"70801"
"732",22033005200,"70802"
"733",22033005300,"70806"
"734",22033005300,"70802"
"735",22033980000,"70811"
"736",22033980000,"70807"
"737",22035000100,"71254"
"738",22035000200,"71237"
"739",22035000200,"71286"
"740",22035000200,"71254"
"741",22035000200,"71276"
"742",22035000300,"71254"
"743",22037951300,"70730"
"744",22037951300,"70748"
"745",22037951300,"70761"
"746",22037951300,"70789"
"747",22037951300,"70722"
"748",22037951400,"70789"
"749",22037951400,"70748"
"750",22037951400,"70730"
"751",22037951501,"70777"
"752",22037951501,"70748"
"753",22037951501,"70791"
"754",22037951502,"70748"
"755",22037951502,"70777"
"756",22037951502,"70730"
"757",22037951600,"70777"
"758",22037951600,"70722"
"759",22039950100,"70576"
"760",22039950100,"70585"
"761",22039950100,"71325"
"762",22039950100,"70586"
"763",22039950100,"71367"
"764",22039950200,"70586"
"765",22039950200,"71433"
"766",22039950200,"71325"
"767",22039950200,"70554"
"768",22039950200,"71463"
"769",22039950300,"70586"
"770",22039950300,"70515"
"771",22039950300,"70554"
"772",22039950300,"70535"
"773",22039950400,"70554"
"774",22039950400,"70580"
"775",22039950400,"70586"
"776",22039950500,"70586"
"777",22039950600,"70586"
"778",22039950700,"70589"
"779",22039950700,"70586"
"780",22039950800,"70554"
"781",22039950800,"70586"
"782",22039950800,"70570"
"783",22039950800,"70524"
"784",22039950800,"70535"
"785",22041950100,"71232"
"786",22041950100,"71295"
"787",22041950100,"71219"
"788",22041950200,"71336"
"789",22041950200,"71295"
"790",22041950300,"71295"
"791",22041950400,"71232"
"792",22041950400,"71336"
"793",22041950400,"71378"
"794",22041950400,"71295"
"795",22041950400,"71368"
"796",22041950500,"71243"
"797",22041950500,"71295"
"798",22041950600,"71336"
"799",22041950600,"71378"
"800",22043020100,"71432"
"801",22043020100,"71417"
"802",22043020100,"71423"
"803",22043020100,"71467"
"804",22043020200,"71423"
"805",22043020200,"71404"
"806",22043020200,"71417"
"807",22043020200,"71454"
"808",22043020300,"71417"
"809",22043020300,"71423"
"810",22043020401,"71423"
"811",22043020401,"71467"
"812",22043020401,"71407"
"813",22043020401,"71417"
"814",22043020402,"71467"
"815",22043020402,"71417"
"816",22043020402,"71360"
"817",22043020402,"71423"
"818",22045030100,"70544"
"819",22045030100,"70563"
"820",22045030100,"70560"
"821",22045030200,"70552"
"822",22045030200,"70563"
"823",22045030200,"70582"
"824",22045030301,"70563"
"825",22045030301,"70560"
"826",22045030301,"70518"
"827",22045030302,"70560"
"828",22045030302,"70518"
"829",22045030302,"70592"
"830",22045030302,"70533"
"831",22045030302,"70528"
"832",22045030400,"70513"
"833",22045030400,"70560"
"834",22045030500,"70560"
"835",22045030500,"70563"
"836",22045030600,"70563"
"837",22045030700,"70563"
"838",22045030800,"70560"
"839",22045030900,"70560"
"840",22045031000,"70560"
"841",22045031100,"70563"
"842",22045031100,"70560"
"843",22045031200,"70560"
"844",22045031300,"70544"
"845",22045031300,"70560"
"846",22045031600,"70544"
"847",22045031600,"70560"
"848",22047952600,"70740"
"849",22047952600,"70772"
"850",22047952600,"70757"
"851",22047952700,"70764"
"852",22047952700,"70740"
"853",22047952700,"70757"
"854",22047952900,"70764"
"855",22047952900,"70788"
"856",22047953000,"70764"
"857",22047953000,"70788"
"858",22047953101,"70764"
"859",22047953102,"70764"
"860",22047953200,"70721"
"861",22047953200,"70780"
"862",22047953200,"70776"
"863",22049970100,"71270"
"864",22049970100,"71268"
"865",22049970100,"71225"
"866",22049970100,"71226"
"867",22049970100,"71238"
"868",22049970100,"71435"
"869",22049970100,"71227"
"870",22049970200,"71247"
"871",22049970200,"71268"
"872",22049970200,"71251"
"873",22049970200,"71270"
"874",22049970300,"71226"
"875",22049970300,"71251"
"876",22049970300,"71268"
"877",22049970400,"71251"
"878",22049970500,"71268"
"879",22049970500,"71251"
"880",22051020101,"70005"
"881",22051020102,"70005"
"882",22051020102,"70002"
"883",22051020201,"70002"
"884",22051020202,"70002"
"885",22051020203,"70002"
"886",22051020301,"70006"
"887",22051020301,"70003"
"888",22051020302,"70002"
"889",22051020302,"70006"
"890",22051020303,"70003"
"891",22051020303,"70006"
"892",22051020400,"70003"
"893",22051020502,"70065"
"894",22051020502,"70062"
"895",22051020505,"70065"
"896",22051020506,"70003"
"897",22051020506,"70062"
"898",22051020506,"70065"
"899",22051020507,"70065"
"900",22051020508,"70065"
"901",22051020511,"70065"
"902",22051020512,"70065"
"903",22051020513,"70065"
"904",22051020514,"70065"
"905",22051020514,"70003"
"906",22051020515,"70065"
"907",22051020516,"70065"
"908",22051020517,"70065"
"909",22051020600,"70062"
"910",22051020700,"70062"
"911",22051021000,"70062"
"912",22051021100,"70062"
"913",22051021200,"70062"
"914",22051021200,"70003"
"915",22051021200,"70065"
"916",22051021300,"70062"
"917",22051021300,"70065"
"918",22051021300,"70002"
"919",22051021300,"70003"
"920",22051021400,"70003"
"921",22051021500,"70003"
"922",22051021600,"70003"
"923",22051021600,"70001"
"924",22051021700,"70006"
"925",22051021700,"70003"
"926",22051021801,"70006"
"927",22051021801,"70002"
"928",22051021803,"70001"
"929",22051021804,"70002"
"930",22051021804,"70006"
"931",22051021900,"70002"
"932",22051022001,"70002"
"933",22051022001,"70001"
"934",22051022002,"70001"
"935",22051022101,"70002"
"936",22051022102,"70002"
"937",22051022102,"70001"
"938",22051022200,"70005"
"939",22051022301,"70005"
"940",22051022302,"70005"
"941",22051022303,"70005"
"942",22051022400,"70005"
"943",22051022500,"70005"
"944",22051022600,"70005"
"945",22051022600,"70001"
"946",22051022700,"70001"
"947",22051022800,"70001"
"948",22051022900,"70001"
"949",22051023001,"70001"
"950",22051023002,"70001"
"951",22051023003,"70003"
"952",22051023003,"70001"
"953",22051023100,"70001"
"954",22051023200,"70003"
"955",22051023200,"70001"
"956",22051023300,"70003"
"957",22051023400,"70003"
"958",22051023500,"70062"
"959",22051023500,"70003"
"960",22051023600,"70003"
"961",22051023700,"70003"
"962",22051023700,"70062"
"963",22051023800,"70062"
"964",22051023800,"70123"
"965",22051023901,"70123"
"966",22051023902,"70123"
"967",22051023903,"70123"
"968",22051023904,"70123"
"969",22051024001,"70123"
"970",22051024002,"70123"
"971",22051024100,"70123"
"972",22051024100,"70115"
"973",22051024201,"70121"
"974",22051024201,"70001"
"975",22051024201,"70123"
"976",22051024201,"70003"
"977",22051024202,"70123"
"978",22051024202,"70121"
"979",22051024300,"70121"
"980",22051024400,"70001"
"981",22051024400,"70121"
"982",22051024500,"70121"
"983",22051024600,"70001"
"984",22051024600,"70121"
"985",22051024700,"70121"
"986",22051024800,"70001"
"987",22051024800,"70005"
"988",22051024900,"70121"
"989",22051025001,"70056"
"990",22051025002,"70056"
"991",22051025003,"70056"
"992",22051025102,"70056"
"993",22051025103,"70056"
"994",22051025104,"70056"
"995",22051025201,"70053"
"996",22051025201,"70056"
"997",22051025202,"70056"
"998",22051025300,"70053"
"999",22051025300,"70056"
"1000",22051025400,"70058"
"1001",22051025400,"70053"
"1002",22051025500,"70053"
"1003",22051025500,"70058"
"1004",22051025600,"70058"
"1005",22051025600,"70053"
"1006",22051025600,"70114"
"1007",22051025700,"70056"
"1008",22051025700,"70053"
"1009",22051025800,"70053"
"1010",22051025900,"70053"
"1011",22051026000,"70058"
"1012",22051026100,"70058"
"1013",22051026200,"70058"
"1014",22051026300,"70072"
"1015",22051026300,"70058"
"1016",22051026400,"70072"
"1017",22051026400,"70058"
"1018",22051026500,"70072"
"1019",22051026600,"70072"
"1020",22051026700,"70072"
"1021",22051026800,"70072"
"1022",22051026900,"70072"
"1023",22051027000,"70072"
"1024",22051027100,"70094"
"1025",22051027200,"70094"
"1026",22051027501,"70094"
"1027",22051027501,"70031"
"1028",22051027502,"70094"
"1029",22051027601,"70094"
"1030",22051027602,"70094"
"1031",22051027701,"70094"
"1032",22051027701,"70072"
"1033",22051027703,"70072"
"1034",22051027803,"70058"
"1035",22051027804,"70056"
"1036",22051027804,"70058"
"1037",22051027805,"70058"
"1038",22051027806,"70072"
"1039",22051027807,"70058"
"1040",22051027807,"70072"
"1041",22051027809,"70072"
"1042",22051027810,"70058"
"1043",22051027811,"70058"
"1044",22051027812,"70058"
"1045",22051027901,"70067"
"1046",22051027901,"70036"
"1047",22051027902,"70067"
"1048",22051027902,"70358"
"1049",22051027902,"70036"
"1050",22051028000,"70072"
"1051",22051028100,"70062"
"1052",22051028200,"70072"
"1053",22051028200,"70094"
"1054",22051980000,"70062"
"1055",22053000100,"70532"
"1056",22053000100,"70581"
"1057",22053000100,"70640"
"1058",22053000100,"70648"
"1059",22053000100,"70647"
"1060",22053000100,"70591"
"1061",22053000100,"70546"
"1062",22053000200,"70549"
"1063",22053000200,"70611"
"1064",22053000200,"70648"
"1065",22053000200,"70591"
"1066",22053000200,"70650"
"1067",22053000200,"70657"
"1068",22053000200,"70647"
"1069",22053000300,"70546"
"1070",22053000300,"70581"
"1071",22053000300,"70591"
"1072",22053000400,"70549"
"1073",22053000400,"70581"
"1074",22053000400,"70546"
"1075",22053000500,"70546"
"1076",22053000600,"70546"
"1077",22053000700,"70546"
"1078",22055000100,"70503"
"1079",22055000100,"70506"
"1080",22055000100,"70501"
"1081",22055000200,"70501"
"1082",22055000500,"70503"
"1083",22055000500,"70506"
"1084",22055000602,"70501"
"1085",22055000602,"70506"
"1086",22055000603,"70506"
"1087",22055000604,"70506"
"1088",22055000700,"70506"
"1089",22055000700,"70583"
"1090",22055000700,"70501"
"1091",22055000800,"70506"
"1092",22055000800,"70501"
"1093",22055000900,"70501"
"1094",22055000900,"70506"
"1095",22055001001,"70520"
"1096",22055001001,"70507"
"1097",22055001001,"70583"
"1098",22055001002,"70507"
"1099",22055001003,"70507"
"1100",22055001100,"70501"
"1101",22055001200,"70517"
"1102",22055001200,"70501"
"1103",22055001300,"70501"
"1104",22055001401,"70503"
"1105",22055001401,"70555"
"1106",22055001402,"70592"
"1107",22055001402,"70508"
"1108",22055001403,"70508"
"1109",22055001404,"70508"
"1110",22055001404,"70592"
"1111",22055001405,"70592"
"1112",22055001405,"70508"
"1113",22055001406,"70508"
"1114",22055001407,"70508"
"1115",22055001409,"70508"
"1116",22055001409,"70592"
"1117",22055001409,"70518"
"1118",22055001410,"70560"
"1119",22055001410,"70518"
"1120",22055001410,"70592"
"1121",22055001411,"70508"
"1122",22055001411,"70518"
"1123",22055001500,"70503"
"1124",22055001500,"70501"
"1125",22055001600,"70503"
"1126",22055001700,"70503"
"1127",22055001801,"70506"
"1128",22055001801,"70503"
"1129",22055001802,"70503"
"1130",22055001802,"70506"
"1131",22055001901,"70529"
"1132",22055001901,"70578"
"1133",22055001902,"70529"
"1134",22055001902,"70506"
"1135",22055001902,"70583"
"1136",22055001903,"70506"
"1137",22055001903,"70529"
"1138",22055001904,"70506"
"1139",22055001905,"70555"
"1140",22055001905,"70506"
"1141",22055001905,"70529"
"1142",22055001905,"70503"
"1143",22055002001,"70507"
"1144",22055002001,"70583"
"1145",22055002001,"70529"
"1146",22055002001,"70520"
"1147",22055002002,"70507"
"1148",22055002002,"70583"
"1149",22055002002,"70520"
"1150",22055002101,"70520"
"1151",22055002101,"70525"
"1152",22055002102,"70520"
"1153",22055002103,"70506"
"1154",22055002103,"70507"
"1155",22055002103,"70520"
"1156",22055002104,"70520"
"1157",22055002104,"70517"
"1158",22055002104,"70507"
"1159",22055002200,"70503"
"1160",22055002200,"70501"
"1161",22055980000,"70508"
"1162",22057020100,"70301"
"1163",22057020202,"70301"
"1164",22057020400,"70301"
"1165",22057020500,"70301"
"1166",22057020600,"70301"
"1167",22057020702,"70301"
"1168",22057020703,"70301"
"1169",22057020704,"70301"
"1170",22057020800,"70301"
"1171",22057020900,"70301"
"1172",22057020900,"70394"
"1173",22057021000,"70394"
"1174",22057021000,"70374"
"1175",22057021000,"70375"
"1176",22057021000,"70355"
"1177",22057021000,"70301"
"1178",22057021000,"70373"
"1179",22057021000,"70030"
"1180",22057021100,"70357"
"1181",22057021100,"70345"
"1182",22057021100,"70373"
"1183",22057021100,"70354"
"1184",22057021200,"70354"
"1185",22057021200,"70345"
"1186",22057021200,"70357"
"1187",22057021300,"70357"
"1188",22057021300,"70354"
"1189",22057021400,"70373"
"1190",22057021400,"70345"
"1191",22057021500,"70374"
"1192",22057021500,"70373"
"1193",22057021601,"70364"
"1194",22057021601,"70394"
"1195",22057021601,"70374"
"1196",22057021601,"70343"
"1197",22057021601,"70375"
"1198",22057021602,"70374"
"1199",22057021602,"70373"
"1200",22057021602,"70343"
"1201",22057021602,"70377"
"1202",22057021700,"70374"
"1203",22057021800,"70394"
"1204",22057021901,"70301"
"1205",22057021901,"70359"
"1206",22057021901,"70364"
"1207",22057021902,"70301"
"1208",22057021902,"70394"
"1209",22057021902,"70364"
"1210",22057022000,"70301"
"1211",22059970100,"71465"
"1212",22059970100,"71435"
"1213",22059970100,"71441"
"1214",22059970100,"71480"
"1215",22059970100,"71479"
"1216",22059970200,"71465"
"1217",22059970200,"71342"
"1218",22059970200,"71371"
"1219",22059970300,"71371"
"1220",22059970300,"71343"
"1221",22059970300,"71479"
"1222",22059970300,"71465"
"1223",22059970300,"71342"
"1224",22061960100,"71270"
"1225",22061960100,"71235"
"1226",22061960200,"71275"
"1227",22061960200,"71003"
"1228",22061960200,"71001"
"1229",22061960200,"71235"
"1230",22061960200,"71270"
"1231",22061960200,"71245"
"1232",22061960300,"71275"
"1233",22061960300,"71245"
"1234",22061960300,"71270"
"1235",22061960400,"71270"
"1236",22061960500,"71270"
"1237",22061960600,"71270"
"1238",22061960600,"71227"
"1239",22061960700,"71270"
"1240",22061960700,"71241"
"1241",22061960700,"71227"
"1242",22061960700,"71235"
"1243",22061960700,"71234"
"1244",22061960800,"71227"
"1245",22061960800,"71270"
"1246",22061960900,"71270"
"1247",22061961000,"71272"
"1248",22061961000,"71270"
"1249",22063040100,"70403"
"1250",22063040100,"70466"
"1251",22063040100,"70711"
"1252",22063040100,"70744"
"1253",22063040100,"70443"
"1254",22063040201,"70785"
"1255",22063040201,"70754"
"1256",22063040202,"70754"
"1257",22063040202,"70453"
"1258",22063040202,"70744"
"1259",22063040202,"70785"
"1260",22063040202,"70422"
"1261",22063040301,"70785"
"1262",22063040301,"70706"
"1263",22063040303,"70726"
"1264",22063040303,"70706"
"1265",22063040304,"70785"
"1266",22063040304,"70726"
"1267",22063040304,"70706"
"1268",22063040401,"70785"
"1269",22063040401,"70726"
"1270",22063040402,"70785"
"1271",22063040402,"70754"
"1272",22063040500,"70785"
"1273",22063040500,"70726"
"1274",22063040500,"70706"
"1275",22063040600,"70726"
"1276",22063040700,"70726"
"1277",22063040802,"70733"
"1278",22063040802,"70726"
"1279",22063040802,"70449"
"1280",22063040802,"70754"
"1281",22063040804,"70785"
"1282",22063040804,"70726"
"1283",22063040804,"70754"
"1284",22063040805,"70726"
"1285",22063040806,"70726"
"1286",22063040901,"70462"
"1287",22063040901,"70744"
"1288",22063040901,"70403"
"1289",22063040901,"70754"
"1290",22063040902,"70774"
"1291",22063040902,"70449"
"1292",22063040902,"70462"
"1293",22063040902,"70754"
"1294",22065960100,"71282"
"1295",22065960100,"71276"
"1296",22065960100,"71233"
"1297",22065960200,"71282"
"1298",22065960200,"71232"
"1299",22065960200,"71237"
"1300",22065960300,"71282"
"1301",22065960400,"71282"
"1302",22065960500,"71282"
"1303",22067950100,"71261"
"1304",22067950100,"71223"
"1305",22067950100,"71250"
"1306",22067950100,"71220"
"1307",22067950200,"71220"
"1308",22067950300,"71280"
"1309",22067950300,"71220"
"1310",22067950400,"71220"
"1311",22067950500,"71220"
"1312",22067950600,"71269"
"1313",22067950600,"71261"
"1314",22067950600,"71220"
"1315",22067950600,"71264"
"1316",22067950700,"71220"
"1317",22067950700,"71229"
"1318",22067950800,"71220"
"1319",22069000100,"71414"
"1320",22069000100,"71031"
"1321",22069000100,"71457"
"1322",22069000100,"71411"
"1323",22069000100,"71016"
"1324",22069000100,"71070"
"1325",22069000200,"71457"
"1326",22069000200,"71411"
"1327",22069000200,"71019"
"1328",22069000300,"71457"
"1329",22069000300,"71019"
"1330",22069000300,"71065"
"1331",22069000300,"71063"
"1332",22069000300,"71450"
"1333",22069000300,"71469"
"1334",22069000400,"71457"
"1335",22069000500,"71457"
"1336",22069000600,"71457"
"1337",22069000700,"71457"
"1338",22069000800,"71457"
"1339",22069000800,"71469"
"1340",22069000800,"71468"
"1341",22069000900,"71427"
"1342",22069000900,"71457"
"1343",22069000900,"71455"
"1344",22069000900,"71468"
"1345",22069000900,"71447"
"1346",22069000900,"71416"
"1347",22069000900,"71452"
"1348",22069000900,"71456"
"1349",22071000100,"70114"
"1350",22071000200,"70114"
"1351",22071000300,"70114"
"1352",22071000400,"70114"
"1353",22071000601,"70114"
"1354",22071000602,"70114"
"1355",22071000603,"70114"
"1356",22071000604,"70114"
"1357",22071000605,"70114"
"1358",22071000606,"70114"
"1359",22071000606,"70131"
"1360",22071000607,"70131"
"1361",22071000611,"70131"
"1362",22071000612,"70131"
"1363",22071000613,"70114"
"1364",22071000615,"70131"
"1365",22071000615,"70114"
"1366",22071000616,"70131"
"1367",22071000617,"70131"
"1368",22071000618,"70114"
"1369",22071000618,"70131"
"1370",22071000701,"70117"
"1371",22071000702,"70117"
"1372",22071000800,"70117"
"1373",22071000901,"70117"
"1374",22071000902,"70117"
"1375",22071000903,"70117"
"1376",22071000904,"70117"
"1377",22071001100,"70117"
"1378",22071001200,"70117"
"1379",22071001301,"70117"
"1380",22071001302,"70117"
"1381",22071001401,"70117"
"1382",22071001402,"70117"
"1383",22071001500,"70117"
"1384",22071001600,"70117"
"1385",22071001701,"70126"
"1386",22071001702,"70126"
"1387",22071001720,"70126"
"1388",22071001722,"70127"
"1389",22071001722,"70126"
"1390",22071001723,"70127"
"1391",22071001724,"70126"
"1392",22071001725,"70126"
"1393",22071001725,"70127"
"1394",22071001730,"70128"
"1395",22071001730,"70129"
"1396",22071001734,"70129"
"1397",22071001735,"70126"
"1398",22071001735,"70127"
"1399",22071001736,"70127"
"1400",22071001737,"70128"
"1401",22071001737,"70127"
"1402",22071001739,"70128"
"1403",22071001739,"70127"
"1404",22071001740,"70128"
"1405",22071001741,"70129"
"1406",22071001743,"70126"
"1407",22071001743,"70127"
"1408",22071001744,"70127"
"1409",22071001745,"70128"
"1410",22071001746,"70129"
"1411",22071001746,"70128"
"1412",22071001747,"70128"
"1413",22071001747,"70127"
"1414",22071001748,"70128"
"1415",22071001748,"70129"
"1416",22071001748,"70127"
"1417",22071001749,"70129"
"1418",22071001750,"70129"
"1419",22071001751,"70126"
"1420",22071001751,"70127"
"1421",22071001751,"70129"
"1422",22071001800,"70117"
"1423",22071001800,"70116"
"1424",22071001900,"70117"
"1425",22071002000,"70117"
"1426",22071002100,"70117"
"1427",22071002200,"70117"
"1428",22071002300,"70122"
"1429",22071002300,"70119"
"1430",22071002300,"70117"
"1431",22071002401,"70122"
"1432",22071002402,"70122"
"1433",22071002501,"70122"
"1434",22071002502,"70122"
"1435",22071002503,"70122"
"1436",22071002504,"70122"
"1437",22071002600,"70117"
"1438",22071002600,"70116"
"1439",22071002700,"70116"
"1440",22071002700,"70117"
"1441",22071002800,"70119"
"1442",22071002800,"70116"
"1443",22071002900,"70117"
"1444",22071002900,"70119"
"1445",22071002900,"70116"
"1446",22071003000,"70119"
"1447",22071003000,"70117"
"1448",22071003100,"70117"
"1449",22071003100,"70119"
"1450",22071003301,"70122"
"1451",22071003302,"70122"
"1452",22071003303,"70122"
"1453",22071003304,"70122"
"1454",22071003307,"70122"
"1455",22071003308,"70122"
"1456",22071003400,"70116"
"1457",22071003500,"70116"
"1458",22071003500,"70119"
"1459",22071003600,"70119"
"1460",22071003701,"70119"
"1461",22071003702,"70119"
"1462",22071003800,"70116"
"1463",22071003900,"70116"
"1464",22071003900,"70112"
"1465",22071004000,"70116"
"1466",22071004000,"70119"
"1467",22071004100,"70119"
"1468",22071004401,"70116"
"1469",22071004401,"70119"
"1470",22071004402,"70116"
"1471",22071004402,"70112"
"1472",22071004402,"70119"
"1473",22071004500,"70119"
"1474",22071004600,"70119"
"1475",22071004800,"70112"
"1476",22071004900,"70112"
"1477",22071004900,"70119"
"1478",22071005000,"70119"
"1479",22071005400,"70119"
"1480",22071005500,"70119"
"1481",22071005500,"70124"
"1482",22071005601,"70124"
"1483",22071005602,"70124"
"1484",22071005603,"70124"
"1485",22071005604,"70124"
"1486",22071006000,"70125"
"1487",22071006000,"70112"
"1488",22071006000,"70113"
"1489",22071006000,"70119"
"1490",22071006300,"70119"
"1491",22071006400,"70119"
"1492",22071006400,"70131"
"1493",22071006500,"70119"
"1494",22071006900,"70125"
"1495",22071006900,"70113"
"1496",22071007000,"70125"
"1497",22071007101,"70119"
"1498",22071007200,"70118"
"1499",22071007200,"70125"
"1500",22071007501,"70118"
"1501",22071007502,"70118"
"1502",22071007604,"70124"
"1503",22071007604,"70118"
"1504",22071007605,"70118"
"1505",22071007606,"70124"
"1506",22071007700,"70130"
"1507",22071007800,"70130"
"1508",22071008200,"70130"
"1509",22071008300,"70130"
"1510",22071008400,"70130"
"1511",22071008400,"70113"
"1512",22071008500,"70113"
"1513",22071008600,"70113"
"1514",22071008600,"70125"
"1515",22071008800,"70115"
"1516",22071008800,"70130"
"1517",22071009000,"70115"
"1518",22071009000,"70130"
"1519",22071009100,"70113"
"1520",22071009100,"70115"
"1521",22071009100,"70130"
"1522",22071009200,"70113"
"1523",22071009200,"70115"
"1524",22071009400,"70125"
"1525",22071009600,"70115"
"1526",22071009700,"70115"
"1527",22071009900,"70115"
"1528",22071010000,"70115"
"1529",22071010100,"70115"
"1530",22071010200,"70125"
"1531",22071010200,"70115"
"1532",22071010300,"70125"
"1533",22071010600,"70115"
"1534",22071010700,"70115"
"1535",22071010800,"70115"
"1536",22071010900,"70115"
"1537",22071011100,"70125"
"1538",22071011100,"70115"
"1539",22071011200,"70125"
"1540",22071011400,"70118"
"1541",22071011400,"70115"
"1542",22071011500,"70118"
"1543",22071011600,"70115"
"1544",22071011600,"70118"
"1545",22071011700,"70118"
"1546",22071011700,"70115"
"1547",22071011900,"70125"
"1548",22071011900,"70115"
"1549",22071011900,"70118"
"1550",22071012000,"70118"
"1551",22071012101,"70125"
"1552",22071012101,"70118"
"1553",22071012102,"70118"
"1554",22071012200,"70118"
"1555",22071012200,"70125"
"1556",22071012300,"70125"
"1557",22071012400,"70125"
"1558",22071012500,"70118"
"1559",22071012600,"70118"
"1560",22071012700,"70118"
"1561",22071012800,"70125"
"1562",22071012800,"70118"
"1563",22071012900,"70118"
"1564",22071013000,"70118"
"1565",22071013100,"70118"
"1566",22071013200,"70118"
"1567",22071013301,"70124"
"1568",22071013302,"70126"
"1569",22071013302,"70122"
"1570",22071013400,"70112"
"1571",22071013400,"70113"
"1572",22071013400,"70130"
"1573",22071013500,"70130"
"1574",22071013500,"70112"
"1575",22071013500,"70116"
"1576",22071013600,"70117"
"1577",22071013700,"70126"
"1578",22071013700,"70122"
"1579",22071013800,"70122"
"1580",22071013900,"70130"
"1581",22071013900,"70113"
"1582",22071014000,"70125"
"1583",22071014000,"70113"
"1584",22071014100,"70130"
"1585",22071014200,"70115"
"1586",22071014200,"70130"
"1587",22071014300,"70125"
"1588",22071014300,"70115"
"1589",22071014300,"70113"
"1590",22071014400,"70118"
"1591",22071014400,"70115"
"1592",22071014500,"70119"
"1593",22071980000,"70119"
"1594",22071980000,"70124"
"1595",22071980100,"70117"
"1596",22071980100,"70129"
"1597",22073000100,"71201"
"1598",22073000200,"71201"
"1599",22073000401,"71203"
"1600",22073000402,"71203"
"1601",22073000402,"71209"
"1602",22073000500,"71203"
"1603",22073000600,"71203"
"1604",22073000700,"71201"
"1605",22073000700,"71203"
"1606",22073000900,"71201"
"1607",22073000900,"71202"
"1608",22073001100,"71202"
"1609",22073001400,"71201"
"1610",22073001400,"71202"
"1611",22073001500,"71202"
"1612",22073001700,"71203"
"1613",22073001700,"71201"
"1614",22073005100,"71291"
"1615",22073005201,"71225"
"1616",22073005201,"71291"
"1617",22073005203,"71291"
"1618",22073005204,"71291"
"1619",22073005301,"71291"
"1620",22073005301,"71292"
"1621",22073005302,"71291"
"1622",22073005400,"71291"
"1623",22073005500,"71291"
"1624",22073005800,"71292"
"1625",22073005900,"71292"
"1626",22073010101,"71203"
"1627",22073010101,"71229"
"1628",22073010102,"71203"
"1629",22073010201,"71203"
"1630",22073010202,"71280"
"1631",22073010202,"71203"
"1632",22073010301,"71201"
"1633",22073010301,"71203"
"1634",22073010302,"71203"
"1635",22073010302,"71280"
"1636",22073010302,"71201"
"1637",22073010400,"71238"
"1638",22073010400,"71225"
"1639",22073010400,"71291"
"1640",22073010400,"71292"
"1641",22073010400,"71234"
"1642",22073010400,"71227"
"1643",22073010502,"71291"
"1644",22073010502,"71238"
"1645",22073010502,"71418"
"1646",22073010502,"71292"
"1647",22073010503,"71292"
"1648",22073010503,"71238"
"1649",22073010504,"71292"
"1650",22073010504,"71238"
"1651",22073010504,"71291"
"1652",22073010603,"71202"
"1653",22073010603,"71203"
"1654",22073010604,"71202"
"1655",22073010700,"71202"
"1656",22073010800,"71201"
"1657",22073010800,"71203"
"1658",22073010900,"71202"
"1659",22073010900,"71203"
"1660",22073011000,"71202"
"1661",22073011100,"71291"
"1662",22073011100,"71292"
"1663",22073980000,"71203"
"1664",22075050100,"70040"
"1665",22075050100,"70082"
"1666",22075050200,"70037"
"1667",22075050300,"70037"
"1668",22075050400,"70083"
"1669",22075050400,"70037"
"1670",22075050500,"70083"
"1671",22075050600,"70050"
"1672",22075050600,"70083"
"1673",22075050600,"70041"
"1674",22075050700,"70041"
"1675",22075050800,"70091"
"1676",22075050800,"70041"
"1677",22077951900,"70783"
"1678",22077951900,"70760"
"1679",22077951900,"70759"
"1680",22077952000,"70715"
"1681",22077952000,"70747"
"1682",22077952000,"70753"
"1683",22077952100,"70773"
"1684",22077952100,"70729"
"1685",22077952100,"70732"
"1686",22077952100,"70755"
"1687",22077952100,"70760"
"1688",22077952100,"70736"
"1689",22077952100,"70759"
"1690",22077952100,"70767"
"1691",22077952100,"70752"
"1692",22077952100,"70762"
"1693",22077952200,"70760"
"1694",22077952200,"70749"
"1695",22077952200,"70773"
"1696",22077952200,"70783"
"1697",22077952200,"70736"
"1698",22077952200,"70762"
"1699",22077952300,"70760"
"1700",22077952400,"70767"
"1701",22077952400,"70755"
"1702",22077952400,"70757"
"1703",22077952400,"70762"
"1704",22077952400,"70732"
"1705",22077952400,"70756"
"1706",22079010100,"71328"
"1707",22079010100,"71360"
"1708",22079010100,"71467"
"1709",22079010300,"71405"
"1710",22079010300,"71360"
"1711",22079010400,"71423"
"1712",22079010400,"71360"
"1713",22079010500,"71301"
"1714",22079010500,"71409"
"1715",22079010500,"71303"
"1716",22079010600,"71427"
"1717",22079010600,"71409"
"1718",22079010600,"71466"
"1719",22079010600,"71438"
"1720",22079010600,"71455"
"1721",22079010600,"71472"
"1722",22079010600,"71447"
"1723",22079010600,"71424"
"1724",22079010700,"71424"
"1725",22079010700,"71409"
"1726",22079010700,"71303"
"1727",22079011000,"71303"
"1728",22079011000,"71301"
"1729",22079011300,"71360"
"1730",22079011300,"71405"
"1731",22079011500,"71360"
"1732",22079011600,"71360"
"1733",22079011700,"71360"
"1734",22079012000,"71302"
"1735",22079012000,"71301"
"1736",22079012100,"71301"
"1737",22079012200,"71303"
"1738",22079012200,"71301"
"1739",22079012301,"71303"
"1740",22079012302,"71303"
"1741",22079012302,"71301"
"1742",22079012400,"71301"
"1743",22079012400,"71303"
"1744",22079012500,"71301"
"1745",22079012500,"71302"
"1746",22079012500,"71485"
"1747",22079012600,"71301"
"1748",22079012700,"71302"
"1749",22079012800,"71302"
"1750",22079012800,"71301"
"1751",22079012900,"71302"
"1752",22079013000,"71302"
"1753",22079013100,"71360"
"1754",22079013200,"71328"
"1755",22079013200,"71360"
"1756",22079013200,"71323"
"1757",22079013300,"71302"
"1758",22079013300,"71322"
"1759",22079013300,"71346"
"1760",22079013300,"71325"
"1761",22079013300,"71351"
"1762",22079013400,"71485"
"1763",22079013400,"71430"
"1764",22079013400,"71303"
"1765",22079013400,"71302"
"1766",22079013400,"71346"
"1767",22079013400,"71433"
"1768",22079013400,"71424"
"1769",22079013500,"71346"
"1770",22079013500,"71424"
"1771",22079013500,"71433"
"1772",22079013500,"71463"
"1773",22079013500,"71325"
"1774",22079013500,"71430"
"1775",22079013600,"71463"
"1776",22079013600,"71433"
"1777",22079013600,"71438"
"1778",22079013600,"71424"
"1779",22079013600,"70656"
"1780",22079013600,"71472"
"1781",22079013700,"71328"
"1782",22079013700,"71467"
"1783",22079013700,"71360"
"1784",22079013700,"71405"
"1785",22079013800,"71303"
"1786",22079013900,"71301"
"1787",22079013900,"71302"
"1788",22079980000,"71303"
"1789",22081960100,"71019"
"1790",22081960100,"71052"
"1791",22081960100,"71115"
"1792",22081960100,"71068"
"1793",22081960100,"71034"
"1794",22081960300,"71019"
"1795",22083970100,"71232"
"1796",22083970200,"71269"
"1797",22083970200,"71237"
"1798",22083970200,"71232"
"1799",22083970300,"71237"
"1800",22083970300,"71269"
"1801",22083970400,"71279"
"1802",22083970400,"71264"
"1803",22083970400,"71269"
"1804",22083970500,"71269"
"1805",22083970600,"71259"
"1806",22083970600,"71269"
"1807",22083970600,"71418"
"1808",22085000100,"71406"
"1809",22085000100,"71450"
"1810",22085000100,"71486"
"1811",22085000100,"71065"
"1812",22085000100,"71462"
"1813",22085000100,"71419"
"1814",22085000200,"71462"
"1815",22085000200,"71486"
"1816",22085000200,"71449"
"1817",22085000200,"71419"
"1818",22085000300,"71462"
"1819",22085000300,"71486"
"1820",22085000400,"71065"
"1821",22085000400,"71450"
"1822",22085000400,"71406"
"1823",22085000400,"71469"
"1824",22085000400,"71449"
"1825",22085000400,"71426"
"1826",22085000400,"71486"
"1827",22085000500,"71449"
"1828",22085000600,"71429"
"1829",22085000600,"71439"
"1830",22085000600,"71468"
"1831",22085000600,"71449"
"1832",22085000700,"71403"
"1833",22085000700,"71429"
"1834",22085000700,"71449"
"1835",22087030103,"70085"
"1836",22087030103,"70040"
"1837",22087030103,"70092"
"1838",22087030104,"70085"
"1839",22087030105,"70085"
"1840",22087030203,"70075"
"1841",22087030203,"70043"
"1842",22087030204,"70043"
"1843",22087030204,"70092"
"1844",22087030206,"70043"
"1845",22087030207,"70043"
"1846",22087030208,"70092"
"1847",22087030208,"70075"
"1848",22087030209,"70075"
"1849",22087030209,"70092"
"1850",22087030300,"70032"
"1851",22087030400,"70043"
"1852",22087030400,"70032"
"1853",22087030500,"70032"
"1854",22087030601,"70043"
"1855",22087030602,"70043"
"1856",22087030603,"70043"
"1857",22087030700,"70043"
"1858",22087030800,"70043"
"1859",22089060100,"70068"
"1860",22089062100,"70087"
"1861",22089062200,"70087"
"1862",22089062200,"70047"
"1863",22089062301,"70047"
"1864",22089062302,"70047"
"1865",22089062400,"70087"
"1866",22089062400,"70047"
"1867",22089062400,"70079"
"1868",22089062500,"70079"
"1869",22089062700,"70070"
"1870",22089062700,"70057"
"1871",22089062800,"70070"
"1872",22089062800,"70039"
"1873",22089062900,"70070"
"1874",22089062900,"70031"
"1875",22089063000,"70031"
"1876",22089063100,"70070"
"1877",22089063200,"70030"
"1878",22089063200,"70039"
"1879",22089063200,"70080"
"1880",22091951100,"70441"
"1881",22091951100,"70444"
"1882",22091951200,"70744"
"1883",22091951200,"70422"
"1884",22091951200,"70443"
"1885",22091951200,"70453"
"1886",22091951200,"70706"
"1887",22091951200,"70441"
"1888",22091951200,"70456"
"1889",22091951200,"70436"
"1890",22093040100,"70071"
"1891",22093040100,"70052"
"1892",22093040200,"70071"
"1893",22093040200,"70052"
"1894",22093040300,"70071"
"1895",22093040300,"70763"
"1896",22093040400,"70743"
"1897",22093040400,"70763"
"1898",22093040400,"70723"
"1899",22093040500,"70086"
"1900",22093040500,"70346"
"1901",22093040500,"70090"
"1902",22093040600,"70090"
"1903",22093040700,"70090"
"1904",22095070100,"70068"
"1905",22095070200,"70068"
"1906",22095070300,"70068"
"1907",22095070400,"70068"
"1908",22095070500,"70068"
"1909",22095070500,"70084"
"1910",22095070600,"70084"
"1911",22095070600,"70076"
"1912",22095070600,"70051"
"1913",22095070700,"70051"
"1914",22095070700,"70084"
"1915",22095070800,"70084"
"1916",22095070900,"70084"
"1917",22095070900,"70068"
"1918",22095071000,"70068"
"1919",22095071100,"70049"
"1920",22095071100,"70090"
"1921",22097960100,"71353"
"1922",22097960100,"71356"
"1923",22097960100,"70589"
"1924",22097960100,"71358"
"1925",22097960100,"71362"
"1926",22097960200,"70589"
"1927",22097960200,"70570"
"1928",22097960200,"71322"
"1929",22097960300,"70577"
"1930",22097960300,"71345"
"1931",22097960300,"71358"
"1932",22097960300,"70589"
"1933",22097960400,"70577"
"1934",22097960400,"70750"
"1935",22097960400,"71358"
"1936",22097960400,"71353"
"1937",22097960500,"70570"
"1938",22097960500,"70512"
"1939",22097960500,"70577"
"1940",22097960600,"70586"
"1941",22097960600,"70589"
"1942",22097960600,"70577"
"1943",22097960600,"70570"
"1944",22097960700,"70586"
"1945",22097960700,"70550"
"1946",22097960700,"70525"
"1947",22097960700,"70570"
"1948",22097960800,"70535"
"1949",22097960800,"70525"
"1950",22097960800,"70586"
"1951",22097960900,"70535"
"1952",22097961000,"70535"
"1953",22097961100,"70535"
"1954",22097961200,"70525"
"1955",22097961200,"70584"
"1956",22097961200,"70570"
"1957",22097961300,"70570"
"1958",22097961400,"70570"
"1959",22097961400,"70541"
"1960",22097961500,"70570"
"1961",22097961600,"70570"
"1962",22097961700,"70512"
"1963",22097961700,"70577"
"1964",22097961700,"70584"
"1965",22097961700,"70570"
"1966",22097961800,"70520"
"1967",22097961800,"70584"
"1968",22097961800,"70525"
"1969",22097961800,"70512"
"1970",22097961900,"70584"
"1971",22097961900,"70512"
"1972",22097961900,"70570"
"1973",22099020100,"70582"
"1974",22099020100,"70517"
"1975",22099020200,"70517"
"1976",22099020200,"70512"
"1977",22099020301,"70517"
"1978",22099020302,"70517"
"1979",22099020302,"70582"
"1980",22099020400,"70582"
"1981",22099020400,"70517"
"1982",22099020501,"70582"
"1983",22099020501,"70517"
"1984",22099020502,"70517"
"1985",22099020600,"70582"
"1986",22099020600,"70560"
"1987",22099020600,"70518"
"1988",22099020800,"70582"
"1989",22099020800,"70563"
"1990",22099020900,"70519"
"1991",22099020900,"70582"
"1992",22099020900,"70560"
"1993",22099021000,"70339"
"1994",22099021000,"70380"
"1995",22101040100,"70380"
"1996",22101040100,"70340"
"1997",22101040200,"70380"
"1998",22101040300,"70380"
"1999",22101040400,"70380"
"2000",22101040500,"70342"
"2001",22101040500,"70380"
"2002",22101040600,"70380"
"2003",22101040600,"70392"
"2004",22101040700,"70392"
"2005",22101040800,"70392"
"2006",22101040900,"70538"
"2007",22101041000,"70523"
"2008",22101041000,"70544"
"2009",22101041000,"70514"
"2010",22101041000,"70538"
"2011",22101041100,"70538"
"2012",22101041100,"70544"
"2013",22101041200,"70514"
"2014",22101041200,"70538"
"2015",22101041300,"70538"
"2016",22101041400,"70538"
"2017",22101041500,"70538"
"2018",22101041600,"70538"
"2019",22103040102,"70452"
"2020",22103040102,"70445"
"2021",22103040102,"70420"
"2022",22103040102,"70431"
"2023",22103040102,"70435"
"2024",22103040103,"70435"
"2025",22103040103,"70431"
"2026",22103040104,"70464"
"2027",22103040104,"70427"
"2028",22103040104,"70431"
"2029",22103040104,"70463"
"2030",22103040104,"70435"
"2031",22103040104,"70420"
"2032",22103040201,"70437"
"2033",22103040201,"70438"
"2034",22103040201,"70435"
"2035",22103040201,"70433"
"2036",22103040202,"70438"
"2037",22103040202,"70435"
"2038",22103040202,"70433"
"2039",22103040202,"70437"
"2040",22103040303,"70447"
"2041",22103040303,"70471"
"2042",22103040304,"70471"
"2043",22103040304,"70433"
"2044",22103040304,"70447"
"2045",22103040305,"70447"
"2046",22103040305,"70433"
"2047",22103040305,"70437"
"2048",22103040305,"70435"
"2049",22103040400,"70433"
"2050",22103040400,"70435"
"2051",22103040400,"70447"
"2052",22103040501,"70435"
"2053",22103040501,"70433"
"2054",22103040502,"70420"
"2055",22103040502,"70435"
"2056",22103040502,"70433"
"2057",22103040601,"70433"
"2058",22103040601,"70447"
"2059",22103040602,"70433"
"2060",22103040604,"70420"
"2061",22103040604,"70433"
"2062",22103040604,"70471"
"2063",22103040605,"70433"
"2064",22103040605,"70420"
"2065",22103040701,"70460"
"2066",22103040701,"70445"
"2067",22103040701,"70458"
"2068",22103040701,"70433"
"2069",22103040701,"70471"
"2070",22103040701,"70420"
"2071",22103040704,"70460"
"2072",22103040704,"70458"
"2073",22103040704,"70452"
"2074",22103040705,"70458"
"2075",22103040705,"70452"
"2076",22103040706,"70461"
"2077",22103040706,"70452"
"2078",22103040708,"70461"
"2079",22103040709,"70461"
"2080",22103040710,"70461"
"2081",22103040801,"70458"
"2082",22103040802,"70458"
"2083",22103040803,"70461"
"2084",22103040900,"70458"
"2085",22103041002,"70460"
"2086",22103041002,"70458"
"2087",22103041003,"70458"
"2088",22103041004,"70458"
"2089",22103041101,"70460"
"2090",22103041102,"70460"
"2091",22103041103,"70458"
"2092",22103041103,"70460"
"2093",22103041103,"70461"
"2094",22103041104,"70458"
"2095",22103041202,"70445"
"2096",22103041202,"70460"
"2097",22103041204,"70445"
"2098",22103041204,"70460"
"2099",22103041207,"70433"
"2100",22103041207,"70471"
"2101",22103041208,"70471"
"2102",22103041208,"70448"
"2103",22103041209,"70448"
"2104",22103041210,"70471"
"2105",22103041210,"70448"
"2106",22103041211,"70448"
"2107",22103041212,"70448"
"2108",22103041300,"70448"
"2109",22105953200,"70444"
"2110",22105953300,"70444"
"2111",22105953300,"70436"
"2112",22105953300,"70465"
"2113",22105953400,"70456"
"2114",22105953400,"70422"
"2115",22105953400,"70436"
"2116",22105953500,"70422"
"2117",22105953500,"70437"
"2118",22105953500,"70446"
"2119",22105953500,"70442"
"2120",22105953500,"70444"
"2121",22105953500,"70456"
"2122",22105953500,"70438"
"2123",22105953600,"70422"
"2124",22105953600,"70443"
"2125",22105953700,"70442"
"2126",22105953700,"70446"
"2127",22105953700,"70443"
"2128",22105953700,"70437"
"2129",22105953700,"70435"
"2130",22105953700,"70455"
"2131",22105953700,"70422"
"2132",22105953800,"70466"
"2133",22105953800,"70443"
"2134",22105953900,"70466"
"2135",22105953900,"70401"
"2136",22105954001,"70401"
"2137",22105954001,"70466"
"2138",22105954001,"70451"
"2139",22105954002,"70443"
"2140",22105954002,"70466"
"2141",22105954002,"70401"
"2142",22105954101,"70401"
"2143",22105954101,"70403"
"2144",22105954101,"70466"
"2145",22105954102,"70454"
"2146",22105954102,"70403"
"2147",22105954200,"70401"
"2148",22105954200,"70402"
"2149",22105954300,"70401"
"2150",22105954300,"70403"
"2151",22105954400,"70401"
"2152",22105954400,"70403"
"2153",22105954501,"70454"
"2154",22105954501,"70403"
"2155",22105954502,"70454"
"2156",22105954502,"70401"
"2157",22105954502,"70403"
"2158",22105954600,"70401"
"2159",22105954600,"70403"
"2160",22105954600,"70454"
"2161",22105954600,"70455"
"2162",22105954700,"70462"
"2163",22105954700,"70454"
"2164",22105954800,"70454"
"2165",22107000100,"71282"
"2166",22107000100,"71357"
"2167",22107000100,"71366"
"2168",22107000200,"71326"
"2169",22107000200,"71366"
"2170",22107000200,"71375"
"2171",22107000200,"71357"
"2172",22107000300,"71334"
"2173",22107000300,"71375"
"2174",22107000300,"71326"
"2175",22107000300,"71366"
"2176",22109000101,"70301"
"2177",22109000101,"70395"
"2178",22109000102,"70359"
"2179",22109000102,"70395"
"2180",22109000201,"70364"
"2181",22109000201,"70359"
"2182",22109000201,"70360"
"2183",22109000202,"70364"
"2184",22109000202,"70359"
"2185",22109000300,"70360"
"2186",22109000401,"70364"
"2187",22109000402,"70364"
"2188",22109000500,"70360"
"2189",22109000500,"70364"
"2190",22109000600,"70363"
"2191",22109000600,"70364"
"2192",22109000700,"70363"
"2193",22109000800,"70363"
"2194",22109000900,"70363"
"2195",22109000900,"70360"
"2196",22109001000,"70343"
"2197",22109001000,"70377"
"2198",22109001000,"70363"
"2199",22109001000,"70364"
"2200",22109001100,"70377"
"2201",22109001201,"70363"
"2202",22109001201,"70344"
"2203",22109001201,"70343"
"2204",22109001202,"70344"
"2205",22109001300,"70363"
"2206",22109001300,"70353"
"2207",22109001400,"70363"
"2208",22109001400,"70397"
"2209",22109001500,"70360"
"2210",22109001500,"70363"
"2211",22109001500,"70356"
"2212",22109001600,"70352"
"2213",22109001600,"70356"
"2214",22109001600,"70395"
"2215",22109001700,"70360"
"2216",22109001700,"70395"
"2217",22111960100,"71260"
"2218",22111960100,"71277"
"2219",22111960100,"71241"
"2220",22111960200,"71256"
"2221",22111960200,"71222"
"2222",22111960200,"71277"
"2223",22111960200,"71241"
"2224",22111960300,"71241"
"2225",22111960300,"71235"
"2226",22111960300,"71222"
"2227",22111960400,"71241"
"2228",22111960500,"71234"
"2229",22111960500,"71280"
"2230",22111960500,"71241"
"2231",22111960500,"71260"
"2232",22111960600,"71234"
"2233",22111960600,"71241"
"2234",22111960600,"71227"
"2235",22113950100,"70578"
"2236",22113950100,"70555"
"2237",22113950100,"70510"
"2238",22113950100,"70548"
"2239",22113950100,"70526"
"2240",22113950100,"70529"
"2241",22113950200,"70548"
"2242",22113950200,"70542"
"2243",22113950200,"70510"
"2244",22113950400,"70548"
"2245",22113950500,"70510"
"2246",22113950500,"70555"
"2247",22113950500,"70575"
"2248",22113950500,"70548"
"2249",22113950600,"70555"
"2250",22113950600,"70510"
"2251",22113950700,"70510"
"2252",22113950800,"70510"
"2253",22113950901,"70510"
"2254",22113950901,"70533"
"2255",22113950902,"70560"
"2256",22113950902,"70510"
"2257",22113950902,"70533"
"2258",22113950902,"70592"
"2259",22113951001,"70510"
"2260",22113951001,"70533"
"2261",22113951002,"70533"
"2262",22113951002,"70528"
"2263",22113951002,"70510"
"2264",22113951100,"70510"
"2265",22113951100,"70548"
"2266",22115950100,"71474"
"2267",22115950100,"71438"
"2268",22115950100,"71446"
"2269",22115950100,"71447"
"2270",22115950200,"71439"
"2271",22115950200,"71446"
"2272",22115950200,"71403"
"2273",22115950200,"71429"
"2274",22115950300,"70634"
"2275",22115950300,"71403"
"2276",22115950300,"71446"
"2277",22115950300,"70639"
"2278",22115950400,"71446"
"2279",22115950500,"71446"
"2280",22115950500,"71461"
"2281",22115950600,"71446"
"2282",22115950600,"71459"
"2283",22115950701,"71438"
"2284",22115950701,"70656"
"2285",22115950701,"71446"
"2286",22115950701,"71459"
"2287",22115950702,"71459"
"2288",22115950703,"71459"
"2289",22115950704,"71459"
"2290",22115950704,"71446"
"2291",22115950800,"71438"
"2292",22115950800,"71446"
"2293",22115950800,"70656"
"2294",22115950800,"70634"
"2295",22115950900,"70634"
"2296",22115950900,"70659"
"2297",22115950900,"71446"
"2298",22117950101,"70426"
"2299",22117950101,"70427"
"2300",22117950102,"70427"
"2301",22117950102,"70438"
"2302",22117950102,"70426"
"2303",22117950200,"70426"
"2304",22117950200,"70438"
"2305",22117950300,"70438"
"2306",22117950400,"70444"
"2307",22117950400,"70438"
"2308",22117950400,"70450"
"2309",22117950500,"70438"
"2310",22117950500,"70427"
"2311",22117950500,"70435"
"2312",22117950600,"70427"
"2313",22117950600,"70438"
"2314",22117950700,"70427"
"2315",22117950800,"70427"
"2316",22117950900,"70427"
"2317",22117951000,"70427"
"2318",22119031100,"71038"
"2319",22119031100,"71055"
"2320",22119031100,"71072"
"2321",22119031200,"71021"
"2322",22119031200,"71071"
"2323",22119031200,"71075"
"2324",22119031300,"71075"
"2325",22119031400,"71018"
"2326",22119031400,"71071"
"2327",22119031500,"71018"
"2328",22119031500,"71037"
"2329",22119031500,"71067"
"2330",22119031500,"71055"
"2331",22119031500,"71023"
"2332",22119031600,"71055"
"2333",22119031700,"71055"
"2334",22119031800,"71055"
"2335",22119031900,"71055"
"2336",22119032000,"71055"
"2337",22119032100,"71055"
"2338",22119032100,"71023"
"2339",22119032100,"71039"
"2340",22119032100,"71073"
"2341",22119032100,"71024"
"2342",22121020100,"70767"
"2343",22121020200,"70767"
"2344",22121020300,"70729"
"2345",22121020300,"70736"
"2346",22121020300,"70767"
"2347",22121020401,"70767"
"2348",22121020401,"70764"
"2349",22121020401,"70710"
"2350",22121020401,"70719"
"2351",22121020402,"70764"
"2352",22121020402,"70719"
"2353",22121020402,"70767"
"2354",22121020402,"70710"
"2355",22123000100,"71263"
"2356",22123000100,"71253"
"2357",22123000200,"71266"
"2358",22123000200,"71263"
"2359",22123000300,"71269"
"2360",22123000300,"71286"
"2361",22123000300,"71237"
"2362",22123000300,"71266"
"2363",22123000300,"71263"
"2364",22125951701,"70775"
"2365",22125951702,"70712"
"2366",22125951800,"70748"
"2367",22125951800,"70775"
"2368",22125951800,"70782"
"2369",22127960100,"71422"
"2370",22127960100,"71432"
"2371",22127960100,"71473"
"2372",22127960100,"71483"
"2373",22127960100,"71479"
"2374",22127960100,"71465"
"2375",22127960200,"71070"
"2376",22127960200,"71410"
"2377",22127960200,"71422"
"2378",22127960200,"71404"
"2379",22127960200,"71483"
"2380",22127960200,"71457"
"2381",22127960200,"71454"
"2382",22127960200,"71031"
"2383",22127960300,"71483"
"2384",22127960400,"71483"
