"","GEOID","Geography","response2000","response2010","GEOID2"
"1","22051027705 ","Tract ",0.18,0.54,"22"
"2","22055000400 ","Tract ",0.49,0.6,"22"
"3","22071001600 ","Tract ",0.42,0.01,"22"
"4","22017020900 ","Tract ",0.47,0.53,"22"
"5","22071004402 ","Tract ",0.49,0,"22"
"6","22071001714 ","Tract ",0.52,0.44,"22"
"7","22079011400 ","Tract ",0.9,0.85,"22"
"8","22017020400 ","Tract ",0.49,0.62,"22"
"9","22071008102 ","Tract ",0.5,0.36,"22"
"10","22071009302 ","Tract ",0.46,0.33,"22"
"11","22079010800 ","Tract ",0.77,0.82,"22"
"12","22125951702 ","Tract ",0.49,0.37,"22"
"13","22051027300 ","Tract ",0.68,0.64,"22"
"14","22073001600 ","Tract ",0.65,0.66,"22"
"15","22071000902 ","Tract ",0.61,0.18,"22"
"16","22071010400 ","Tract ",0.65,0.53,"22"
"17","22071000601 ","Tract ",0.43,0.47,"22"
"18","22071008700 ","Tract ",0.57,0.42,"22"
"19","22017020200 ","Tract ",0.49,0.63,"22"
"20","22071001304 ","Tract ",0.56,0.44,"22"
"21","22071001303 ","Tract ",0.53,0.33,"22"
"22","22033001400 ","Tract ",0.66,0.66,"22"
"23","22073001002 ","Tract ",0.75,0.87,"22"
"24","22075050500 ","Tract ",0.49,0.47,"22"
"25","22071008000 ","Tract ",0.34,0.28,"22"
"26","22071007000 ","Tract ",0.43,0.29,"22"
"27","22079011900 ","Tract ",0.72,0.71,"22"
"28","22071003306 ","Tract ",0.41,0.26,"22"
"29","22017020100 ","Tract ",0.36,0.62,"22"
"30","22071003305 ","Tract ",0.57,0.34,"22"
"31","22073000800 ","Tract ",0.62,0.7,"22"
"32","22051020900 ","Tract ",0.56,0.62,"22"
"33","22087030101 ","Tract ",0.45,0.26,"22"
"34","22017020600 ","Tract ",0.63,0.7,"22"
"35","22087030601 ","Tract ",0.82,0.42,"22"
"36","22033001300 ","Tract ",0.51,0.52,"22"
"37","22071000701 ","Tract ",0.61,0.27,"22"
"38","22071005900 ","Tract ",0.49,0.56,"22"
"39","22071006900 ","Tract ",0.45,0.37,"22"
"40","22071005700 ","Tract ",0.44,0.26,"22"
"41","22071001741 ","Tract ",0.7,0.64,"22"
"42","22071000903 ","Tract ",0.62,0.2,"22"
"43","22071001734 ","Tract ",0.47,0.56,"22"
"44","22051020800 ","Tract ",0.59,0.61,"22"
"45","22071004700 ","Tract ",0.37,0.27,"22"
"46","22073005700 ","Tract ",0.61,0.63,"22"
"47","22089063000 ","Tract ",0.69,0.65,"22"
"48","22071000612 ","Tract ",0.72,0.76,"22"
"49","22071006700 ","Tract ",0.37,0.33,"22"
"50","22033003102 ","Tract ",0.56,0.57,"22"
"51","22051026200 ","Tract ",0.6,0.64,"22"
"52","22017020800 ","Tract ",0.63,0.64,"22"
"53","22071007900 ","Tract ",0.4,0.42,"22"
"54","22073000900 ","Tract ",0.63,0.67,"22"
"55","22071009301 ","Tract ",0.48,0.3,"22"
"56","22089062400 ","Tract ",0.61,0.71,"22"
"57","22075050600 ","Tract ",0.5,0.44,"22"
"58","22033000100 ","Tract ",0.54,0.57,"22"
"59","22017021800 ","Tract ",0.62,0.65,"22"
"60","22015011107 ","Tract ",0.68,0.78,"22"
"61","22071012102 ","Tract ",0.45,0.51,"22"
"62","22117950900 ","Tract ",0.63,0.62,"22"
"63","22051022101 ","Tract ",0.86,0.86,"22"
"64","22071006000 ","Tract ",0.47,0.43,"22"
"65","22075050700 ","Tract ",0.49,0.42,"22"
"66","22051020700 ","Tract ",0.52,0.58,"22"
"67","22071012000 ","Tract ",0.7,0.71,"22"
"68","22017024800 ","Tract ",0.69,0.6,"22"
"69","22017020700 ","Tract ",0.75,0.66,"22"
"70","22051024600 ","Tract ",0.56,0.64,"22"
"71","22071002100 ","Tract ",0.56,0.28,"22"
"72","22071005604 ","Tract ",0.81,0.62,"22"
"73","22065960400 ","Tract ",0.54,0.46,"22"
"74","22051020505 ","Tract ",0.62,0.63,"22"
"75","22051025600 ","Tract ",0.73,0.7,"22"
"76","22071000901 ","Tract ",0.59,0.22,"22"
"77","22075050800 ","Tract ",0.43,0.32,"22"
"78","22071000300 ","Tract ",0.55,0.42,"22"
"79","22079012800 ","Tract ",0.67,0.71,"22"
"80","22087030500 ","Tract ",0.83,0.46,"22"
"81","22033002100 ","Tract ",0.47,0.61,"22"
"82","22071003307 ","Tract ",0.61,0.53,"22"
"83","22033000300 ","Tract ",0.57,0.59,"22"
"84","22057020201 ","Tract ",0.82,0.79,"22"
"85","22071008300 ","Tract ",0.43,0.56,"22"
"86","22051026400 ","Tract ",0.88,0.7,"22"
"87","22089060100 ","Tract ",0.56,0.79,"22"
"88","22071008600 ","Tract ",0.33,0.26,"22"
"89","22073000300 ","Tract ",0.42,0.53,"22"
"90","22071011200 ","Tract ",0.57,0.56,"22"
"91","22017021700 ","Tract ",0.6,0.65,"22"
"92","22071011600 ","Tract ",0.7,0.77,"22"
"93","22071001302 ","Tract ",0.55,0.34,"22"
"94","22071001733 ","Tract ",0.51,0.09,"22"
"95","22099020900 ","Tract ",0.71,0.7,"22"
"96","22035990200 ","Tract ",0.63,0.54,"22"
"97","22055000900 ","Tract ",0.61,0.63,"22"
"98","22071007604 ","Tract ",0.74,0.65,"22"
"99","22073001500 ","Tract ",0.61,0.62,"22"
"100","22015010400 ","Tract ",0.67,0.62,"22"
"101","22017023200 ","Tract ",0.59,0.62,"22"
"102","22071005603 ","Tract ",0.77,0.52,"22"
"103","22051023300 ","Tract ",0.86,0.79,"22"
"104","22071008900 ","Tract ",0.57,0.57,"22"
"105","22071000200 ","Tract ",0.53,0.35,"22"
"106","22087030206 ","Tract ",0.83,0.52,"22"
"107","22033000800 ","Tract ",0.54,0.6,"22"
"108","22051025700 ","Tract ",0.58,0.62,"22"
"109","22071005000 ","Tract ",0.55,0.34,"22"
"110","22033002700 ","Tract ",0.71,0.77,"22"
"111","22041950500 ","Tract ",0.6,0.64,"22"
"112","22051021900 ","Tract ",0.72,0.68,"22"
"113","22087030400 ","Tract ",0.77,0.42,"22"
"114","22071010500 ","Tract ",0.65,0.57,"22"
"115","22015010900 ","Tract ",0.85,0.61,"22"
"116","22107980200 ","Tract ",0.58,0.44,"22"
"117","22051023001 ","Tract ",0.88,0.86,"22"
"118","22073001400 ","Tract ",0.6,0.65,"22"
"119","22071008500 ","Tract ",0.5,0.29,"22"
"120","22071007605 ","Tract ",0.6,0.42,"22"
"121","22071011500 ","Tract ",0.75,0.69,"22"
"122","22071010800 ","Tract ",0.74,0.69,"22"
"123","22077952300 ","Tract ",0.62,0.59,"22"
"124","22071005800 ","Tract ",0.37,0.42,"22"
"125","22071001500 ","Tract ",0.55,0.26,"22"
"126","22071003100 ","Tract ",0.56,0.35,"22"
"127","22071006800 ","Tract ",0.42,0.5,"22"
"128","22073000401 ","Tract ",0.69,0.71,"22"
"129","22051021400 ","Tract ",0.87,0.83,"22"
"130","22071009700 ","Tract ",0.53,0.54,"22"
"131","22033002200 ","Tract ",0.65,0.61,"22"
"132","22113951100 ","Tract ",0.44,0.74,"22"
"133","22071002200 ","Tract ",0.59,0.27,"22"
"134","22087030700 ","Tract ",0.72,0.51,"22"
"135","22017021900 ","Tract ",0.73,0.72,"22"
"136","22019000400 ","Tract ",0.59,0.61,"22"
"137","22033001200 ","Tract ",0.66,0.68,"22"
"138","22071000904 ","Tract ",0.6,0.24,"22"
"139","22071007800 ","Tract ",0.39,0.45,"22"
"140","22071003000 ","Tract ",0.56,0.32,"22"
"141","22071010600 ","Tract ",0.63,0.61,"22"
"142","22071009600 ","Tract ",0.59,0.56,"22"
"143","22093040500 ","Tract ",0.59,0.55,"22"
"144","22071002900 ","Tract ",0.53,0.28,"22"
"145","22071011900 ","Tract ",0.69,0.64,"22"
"146","22049970500 ","Tract ",0.75,0.62,"22"
"147","22017024700 ","Tract ",0.84,0.77,"22"
"148","22051024700 ","Tract ",0.74,0.76,"22"
"149","22101041300 ","Tract ",999,0.73,"22"
"150","22019000300 ","Tract ",0.63,0.62,"22"
"151","22019000200 ","Tract ",0.64,0.66,"22"
"152","22071012400 ","Tract ",0.69,0.53,"22"
"153","22071001739 ","Tract ",0.69,0.53,"22"
"154","22057020600 ","Tract ",0.85,0.78,"22"
"155","22099021000 ","Tract ",0.36,0.69,"22"
"156","22101041500 ","Tract ",999,0.73,"22"
"157","22071002401 ","Tract ",0.65,0.56,"22"
"158","22071002000 ","Tract ",0.54,0.31,"22"
"159","22087030300 ","Tract ",0.7,0.43,"22"
"160","22073000700 ","Tract ",0.65,0.65,"22"
"161","22119031100 ","Tract ",0.73,0.77,"22"
"162","22051021100 ","Tract ",0.76,0.74,"22"
"163","22071004100 ","Tract ",0.62,0.6,"22"
"164","22019001500 ","Tract ",0.54,0.66,"22"
"165","22017023100 ","Tract ",0.79,0.84,"22"
"166","22071012900 ","Tract ",0.62,0.57,"22"
"167","22079012900 ","Tract ",0.69,0.69,"22"
"168","22071002503 ","Tract ",0.72,0.56,"22"
"169","22075050100 ","Tract ",0.59,0.52,"22"
"170","22055001408 ","Tract ",0.72,0.74,"22"
"171","22085980300 ","Tract ",0.55,0.51,"22"
"172","22071003500 ","Tract ",0.58,0.36,"22"
"173","22057020900 ","Tract ",0.53,0.69,"22"
"174","22065960100 ","Tract ",0.65,0.51,"22"
"175","22071013100 ","Tract ",0.5,0.35,"22"
"176","22073010604 ","Tract ",0.69,0.69,"22"
"177","22079010400 ","Tract ",0.79,0.8,"22"
"178","22103040601 ","Tract ",0.85,0.82,"22"
"179","22101041600 ","Tract ",999,0.58,"22"
"180","22089062200 ","Tract ",0.63,0.79,"22"
"181","22015011300 ","Tract ",0.64,0.57,"22"
"182","22065960500 ","Tract ",0.76,0.59,"22"
"183","22071003900 ","Tract ",0.43,0.32,"22"
"184","22101041200 ","Tract ",0.28,0.56,"22"
"185","22051026700 ","Tract ",0.74,0.69,"22"
"186","22071004800 ","Tract ",0.39,0.27,"22"
"187","22079012600 ","Tract ",0.77,0.73,"22"
"188","22073005400 ","Tract ",0.74,0.76,"22"
"189","22051022302 ","Tract ",0.82,0.73,"22"
"190","22039950200 ","Tract ",0.57,0.52,"22"
"191","22051023903 ","Tract ",0.88,0.83,"22"
"192","22079011100 ","Tract ",0.65,0.68,"22"
"193","22079011300 ","Tract ",0.75,0.75,"22"
"194","22051023902 ","Tract ",0.91,0.81,"22"
"195","22071002501 ","Tract ",0.67,0.43,"22"
"196","22071002800 ","Tract ",0.51,0.37,"22"
"197","22051024500 ","Tract ",0.78,0.73,"22"
"198","22071009200 ","Tract ",0.49,0.28,"22"
"199","22071009400 ","Tract ",0.44,0.2,"22"
"200","22071013000 ","Tract ",0.68,0.48,"22"
"201","22047953000 ","Tract ",0.64,0.73,"22"
"202","22071001730 ","Tract ",0.62,0.19,"22"
"203","22079012000 ","Tract ",0.63,0.66,"22"
"204","22097961000 ","Tract ",0.78,0.76,"22"
"205","22051025800 ","Tract ",0.65,0.64,"22"
"206","22017022000 ","Tract ",0.76,0.77,"22"
"207","22033001500 ","Tract ",0.57,0.62,"22"
"208","22071003600 ","Tract ",0.58,0.41,"22"
"209","22033000701 ","Tract ",0.6,0.59,"22"
"210","22017020500 ","Tract ",0.69,0.79,"22"
"211","22095070800 ","Tract ",0.45,0.47,"22"
"212","22071008101 ","Tract ",0.53,0.45,"22"
"213","22071012500 ","Tract ",0.72,0.59,"22"
"214","22051026600 ","Tract ",0.76,0.7,"22"
"215","22071012101 ","Tract ",0.69,0.61,"22"
"216","22071002700 ","Tract ",0.49,0.29,"22"
"217","22071012200 ","Tract ",0.73,0.63,"22"
"218","22051023700 ","Tract ",0.58,0.62,"22"
"219","22071000605 ","Tract ",0.69,0.56,"22"
"220","22071003400 ","Tract ",0.49,0.34,"22"
"221","22019003102 ","Tract ",0.86,0.77,"22"
"222","22101041100 ","Tract ",0.55,0.64,"22"
"223","22057020400 ","Tract ",0.67,0.65,"22"
"224","22071001701 ","Tract ",0.79,0.47,"22"
"225","22051024900 ","Tract ",0.66,0.63,"22"
"226","22119031800 ","Tract ",0.78,0.76,"22"
"227","22071008800 ","Tract ",0.6,0.56,"22"
"228","22071000603 ","Tract ",0.39,0.17,"22"
"229","22051026500 ","Tract ",0.82,0.83,"22"
"230","22071006300 ","Tract ",0.6,0.31,"22"
"231","22087030104 ","Tract ",0.53,0.44,"22"
"232","22071005601 ","Tract ",0.79,0.55,"22"
"233","22071013302 ","Tract ",0.79,0.65,"22"
"234","22017021400 ","Tract ",0.74,0.75,"22"
"235","22051024001 ","Tract ",0.89,0.81,"22"
"236","22071011100 ","Tract ",0.58,0.39,"22"
"237","22047953102 ","Tract ",0.63,0.65,"22"
"238","22017021000 ","Tract ",0.64,0.65,"22"
"239","22035990300 ","Tract ",0.53,0.71,"22"
"240","22071005602 ","Tract ",0.83,0.62,"22"
"241","22027950200 ","Tract ",0.64,0.82,"22"
"242","22071001800 ","Tract ",0.54,0.56,"22"
"243","22071000800 ","Tract ",0.59,0.3,"22"
"244","22083970200 ","Tract ",0.64,0.63,"22"
"245","22051026000 ","Tract ",0.71,0.75,"22"
"246","22071003301 ","Tract ",0.85,0.38,"22"
"247","22067950100 ","Tract ",0.6,0.57,"22"
"248","22071004401 ","Tract ",0.45,0.25,"22"
"249","22071012300 ","Tract ",0.67,0.52,"22"
"250","22073005600 ","Tract ",0.61,0.67,"22"
"251","22095070100 ","Tract ",0.84,0.73,"22"
"252","22019002900 ","Tract ",0.76,0.7,"22"
"253","22055001600 ","Tract ",0.91,0.85,"22"
"254","22051025300 ","Tract ",0.77,0.72,"22"
"255","22053980700 ","Tract ",0.76,0.78,"22"
"256","22087030603 ","Tract ",0.57,0.21,"22"
"257","22089062900 ","Tract ",0.74,0.67,"22"
"258","22071003304 ","Tract ",0.76,0.38,"22"
"259","22017022700 ","Tract ",0.86,0.79,"22"
"260","22051026800 ","Tract ",0.6,0.61,"22"
"261","22095070900 ","Tract ",0.62,0.64,"22"
"262","22071000602 ","Tract ",0.58,0.55,"22"
"263","22051021000 ","Tract ",0.76,0.72,"22"
"264","22017023300 ","Tract ",0.66,0.62,"22"
"265","22031950500 ","Tract ",0.68,0.47,"22"
"266","22045030800 ","Tract ",0.58,0.57,"22"
"267","22051021801 ","Tract ",0.76,0.75,"22"
"268","22071012600 ","Tract ",0.58,0.56,"22"
"269","22055000200 ","Tract ",0.67,0.59,"22"
"270","22071003303 ","Tract ",0.56,0.37,"22"
"271","22071011400 ","Tract ",0.7,0.7,"22"
"272","22019003200 ","Tract ",0.72,0.69,"22"
"273","22071001900 ","Tract ",0.55,0.38,"22"
"274","22017025100 ","Tract ",0.71,0.58,"22"
"275","22055000100 ","Tract ",0.62,0.62,"22"
"276","22057021300 ","Tract ",0.59,0.61,"22"
"277","22071000400 ","Tract ",0.51,0.44,"22"
"278","22071001401 ","Tract ",0.57,0.3,"22"
"279","22071003701 ","Tract ",0.73,0.6,"22"
"280","22065960300 ","Tract ",0.56,0.53,"22"
"281","22087030208 ","Tract ",0.71,0.5,"22"
"282","22051021300 ","Tract ",0.85,0.81,"22"
"283","22083970400 ","Tract ",0.65,0.67,"22"
"284","22013970200 ","Tract ",0.57,0.51,"22"
"285","22051021200 ","Tract ",0.8,0.75,"22"
"286","22071012800 ","Tract ",0.7,0.59,"22"
"287","22079011600 ","Tract ",0.8,0.72,"22"
"288","22025980200 ","Tract ",0.6,0.66,"22"
"289","22071010700 ","Tract ",0.63,0.58,"22"
"290","22073010700 ","Tract ",0.65,0.72,"22"
"291","22073005100 ","Tract ",0.68,0.78,"22"
"292","22019002300 ","Tract ",0.73,0.72,"22"
"293","22051025500 ","Tract ",0.62,0.62,"22"
"294","22071002502 ","Tract ",0.73,0.41,"22"
"295","22071001736 ","Tract ",0.64,0.29,"22"
"296","22073000402 ","Tract ",0.63,0.61,"22"
"297","22027950300 ","Tract ",0.64,0.8,"22"
"298","22051023901 ","Tract ",0.89,0.82,"22"
"299","22051022200 ","Tract ",0.85,0.8,"22"
"300","22079012700 ","Tract ",0.69,0.75,"22"
"301","22123980300 ","Tract ",0.6,0.88,"22"
"302","22051022002 ","Tract ",0.9,0.85,"22"
"303","22009030200 ","Tract ",0.75,0.7,"22"
"304","22057021000 ","Tract ",0.7,0.8,"22"
"305","22071010200 ","Tract ",0.48,0.31,"22"
"306","22051023100 ","Tract ",0.75,0.7,"22"
"307","22095070600 ","Tract ",0.52,0.56,"22"
"308","22071010000 ","Tract ",0.57,0.31,"22"
"309","22051023003 ","Tract ",0.9,0.83,"22"
"310","22071002504 ","Tract ",0.76,0.59,"22"
"311","22103041002 ","Tract ",0.83,0.77,"22"
"312","22069990100 ","Tract ",0.52,0.58,"22"
"313","22033000400 ","Tract ",0.63,0.65,"22"
"314","22017021300 ","Tract ",0.68,0.64,"22"
"315","22109001201 ","Tract ",0.8,0.69,"22"
"316","22017021500 ","Tract ",0.77,0.78,"22"
"317","22127960400 ","Tract ",0.59,0.49,"22"
"318","22041950600 ","Tract ",0.54,0.56,"22"
"319","22051020201 ","Tract ",0.69,0.73,"22"
"320","22033003501 ","Tract ",0.69,0.7,"22"
"321","22079011000 ","Tract ",0.6,0.6,"22"
"322","22051027811 ","Tract ",0.73,0.71,"22"
"323","22033003908 ","Tract ",0.87,0.82,"22"
"324","22071008400 ","Tract ",0.5,0.32,"22"
"325","22051027810 ","Tract ",0.79,0.76,"22"
"326","22093040400 ","Tract ",0.56,0.42,"22"
"327","22055000700 ","Tract ",0.53,0.58,"22"
"328","22071009000 ","Tract ",0.6,0.63,"22"
"329","22093040600 ","Tract ",0.53,0.54,"22"
"330","22079013100 ","Tract ",0.67,0.7,"22"
"331","22067950300 ","Tract ",0.75,0.78,"22"
"332","22101040100 ","Tract ",999,0.48,"22"
"333","22099020800 ","Tract ",0.69,0.72,"22"
"334","22051026300 ","Tract ",0.8,0.7,"22"
"335","22089062500 ","Tract ",0.72,0.72,"22"
"336","22047952600 ","Tract ",0.59,0.59,"22"
"337","22019002100 ","Tract ",0.65,0.61,"22"
"338","22107980300 ","Tract ",0.57,0.48,"22"
"339","22097960400 ","Tract ",0.49,0.43,"22"
"340","22043020300 ","Tract ",0.6,0.68,"22"
"341","22043020100 ","Tract ",0.6,0.59,"22"
"342","22051025002 ","Tract ",0.76,0.69,"22"
"343","22065960200 ","Tract ",0.51,0.49,"22"
"344","22087030602 ","Tract ",0.79,0.45,"22"
"345","22079011700 ","Tract ",0.62,0.61,"22"
"346","22035990100 ","Tract ",0.59,0.77,"22"
"347","22077952000 ","Tract ",0.43,0.32,"22"
"348","22071001703 ","Tract ",0.53,0.24,"22"
"349","22071007200 ","Tract ",0.54,0.35,"22"
"350","22079013400 ","Tract ",0.71,0.69,"22"
"351","22071000702 ","Tract ",0.64,0.26,"22"
"352","22105953200 ","Tract ",0.6,0.59,"22"
"353","22071008200 ","Tract ",0.5,0.48,"22"
"354","22033001103 ","Tract ",0.63,0.64,"22"
"355","22017024109 ","Tract ",0.89,0.79,"22"
"356","22079013600 ","Tract ",0.64,0.58,"22"
"357","22033003603 ","Tract ",0.72,0.62,"22"
"358","22033004203 ","Tract ",0.57,0.69,"22"
"359","22071004000 ","Tract ",0.43,0.38,"22"
"360","22083970100 ","Tract ",0.62,0.79,"22"
"361","22103041202 ","Tract ",0.61,0.57,"22"
"362","22045031400 ","Tract ",0.64,0.75,"22"
"363","22003950300 ","Tract ",0.48,0.51,"22"
"364","22103040602 ","Tract ",0.76,0.79,"22"
"365","22071012700 ","Tract ",0.69,0.59,"22"
"366","22019001901 ","Tract ",0.8,0.8,"22"
"367","22051023400 ","Tract ",0.82,0.81,"22"
"368","22027950500 ","Tract ",0.6,0.66,"22"
"369","22071002300 ","Tract ",0.58,0.36,"22"
"370","22009030800 ","Tract ",0.72,0.53,"22"
"371","22051020514 ","Tract ",0.8,0.86,"22"
"372","22051023200 ","Tract ",0.75,0.74,"22"
"373","22071010100 ","Tract ",0.59,0.55,"22"
"374","22007050500 ","Tract ",0.57,0.54,"22"
"375","22003950200 ","Tract ",0.56,0.57,"22"
"376","22071005400 ","Tract ",0.61,0.54,"22"
"377","22079013000 ","Tract ",0.72,0.76,"22"
"378","22017023600 ","Tract ",0.76,0.78,"22"
"379","22051027502 ","Tract ",0.7,0.8,"22"
"380","22033001900 ","Tract ",0.79,0.76,"22"
"381","22051020400 ","Tract ",0.92,0.86,"22"
"382","22095071000 ","Tract ",0.6,0.64,"22"
"383","22071007501 ","Tract ",0.63,0.39,"22"
"384","22071001402 ","Tract ",0.59,0.32,"22"
"385","22031950300 ","Tract ",0.63,0.58,"22"
"386","22061960900 ","Tract ",0.61,0.62,"22"
"387","22071000611 ","Tract ",0.59,0.51,"22"
"388","22071001702 ","Tract ",0.76,0.54,"22"
"389","22051025201 ","Tract ",0.62,0.59,"22"
"390","22073010601 ","Tract ",0.64,0.69,"22"
"391","22101040900 ","Tract ",0.5,0.57,"22"
"392","22033005000 ","Tract ",0.9,0.84,"22"
"393","22119031700 ","Tract ",0.63,0.69,"22"
"394","22071013200 ","Tract ",0.63,0.51,"22"
"395","22051020301 ","Tract ",0.89,0.84,"22"
"396","22071011700 ","Tract ",0.67,0.74,"22"
"397","22113950600 ","Tract ",0.73,0.82,"22"
"398","22051022600 ","Tract ",0.82,0.78,"22"
"399","22007050400 ","Tract ",0.67,0.52,"22"
"400","22051024002 ","Tract ",0.86,0.82,"22"
"401","22071002600 ","Tract ",0.47,0.41,"22"
"402","22083970300 ","Tract ",0.68,0.58,"22"
"403","22071001200 ","Tract ",0.56,0.48,"22"
"404","22051027703 ","Tract ",0.72,0.65,"22"
"405","22073001100 ","Tract ",0.66,0.69,"22"
"406","22001960300 ","Tract ",0.71,0.69,"22"
"407","22017022300 ","Tract ",0.67,0.64,"22"
"408","22013970400 ","Tract ",0.54,0.54,"22"
"409","22033001800 ","Tract ",0.74,0.69,"22"
"410","22051025104 ","Tract ",0.74,0.6,"22"
"411","22071001301 ","Tract ",0.52,0.37,"22"
"412","22011960400 ","Tract ",0.65,0.7,"22"
"413","22033000601 ","Tract ",0.61,0.65,"22"
"414","22051022301 ","Tract ",0.82,0.79,"22"
"415","22031950400 ","Tract ",0.73,0.49,"22"
"416","22057020702 ","Tract ",0.65,0.75,"22"
"417","22093040100 ","Tract ",0.66,0.62,"22"
"418","22103041103 ","Tract ",0.61,0.65,"22"
"419","22109000201 ","Tract ",0.67,0.73,"22"
"420","22051020512 ","Tract ",0.74,0.78,"22"
"421","22001961200 ","Tract ",0.78,0.81,"22"
"422","22071007100 ","Tract ",0.46,0.32,"22"
"423","22009030900 ","Tract ",0.61,0.49,"22"
"424","22055000800 ","Tract ",0.61,0.63,"22"
"425","22121020200 ","Tract ",0.57,0.58,"22"
"426","22071010300 ","Tract ",0.58,0.35,"22"
"427","22087030203 ","Tract ",0.73,0.54,"22"
"428","22097960100 ","Tract ",0.51,0.41,"22"
"429","22033003201 ","Tract ",0.73,0.78,"22"
"430","22071003302 ","Tract ",0.8,0.55,"22"
"431","22055000500 ","Tract ",0.78,0.68,"22"
"432","22119031200 ","Tract ",0.72,0.59,"22"
"433","22019002500 ","Tract ",0.79,0.73,"22"
"434","22073005900 ","Tract ",0.6,0.67,"22"
"435","22033003000 ","Tract ",0.53,0.6,"22"
"436","22073005201 ","Tract ",0.74,0.78,"22"
"437","22051025103 ","Tract ",0.76,0.71,"22"
"438","22031950600 ","Tract ",0.66,0.53,"22"
"439","22093040200 ","Tract ",0.62,0.54,"22"
"440","22093040700 ","Tract ",0.76,0.69,"22"
"441","22025980300 ","Tract ",0.46,0.73,"22"
"442","22087030207 ","Tract ",0.81,0.46,"22"
"443","22033002300 ","Tract ",0.82,0.76,"22"
"444","22119031600 ","Tract ",0.75,0.78,"22"
"445","22071005500 ","Tract ",0.77,0.54,"22"
"446","22073005800 ","Tract ",0.62,0.64,"22"
"447","22097961900 ","Tract ",0.66,0.57,"22"
"448","22019000100 ","Tract ",0.61,0.64,"22"
"449","22057020202 ","Tract ",0.83,0.79,"22"
"450","22051024400 ","Tract ",0.74,0.76,"22"
"451","22019001202 ","Tract ",0.54,0.54,"22"
"452","22045030900 ","Tract ",0.63,0.59,"22"
"453","22071004500 ","Tract ",0.54,0.42,"22"
"454","22103041104 ","Tract ",0.73,0.65,"22"
"455","22051026900 ","Tract ",0.69,0.77,"22"
"456","22109001600 ","Tract ",0.74,0.74,"22"
"457","22119031900 ","Tract ",0.72,0.68,"22"
"458","22071001100 ","Tract ",0.59,0.37,"22"
"459","22033003702 ","Tract ",0.85,0.76,"22"
"460","22093040300 ","Tract ",0.78,0.58,"22"
"461","22033002400 ","Tract ",0.53,0.54,"22"
"462","22051025003 ","Tract ",0.82,0.72,"22"
"463","22085980500 ","Tract ",0.69,0.54,"22"
"464","22071000100 ","Tract ",0.59,0.48,"22"
"465","22015010801 ","Tract ",0.74,0.72,"22"
"466","22109000102 ","Tract ",0.6,0.71,"22"
"467","22095071100 ","Tract ",0.51,0.57,"22"
"468","22079010900 ","Tract ",0.68,0.76,"22"
"469","22033004603 ","Tract ",0.67,0.73,"22"
"470","22051025102 ","Tract ",0.78,0.75,"22"
"471","22103040900 ","Tract ",0.61,0.63,"22"
"472","22067950700 ","Tract ",0.7,0.66,"22"
"473","22095070400 ","Tract ",0.81,0.76,"22"
"474","22071006400 ","Tract ",0.6,0.46,"22"
"475","22051020102 ","Tract ",0.75,0.86,"22"
"476","22023970200 ","Tract ",0.47,0.35,"22"
"477","22071009100 ","Tract ",0.48,0.41,"22"
"478","22073001700 ","Tract ",0.75,0.72,"22"
"479","22109001400 ","Tract ",0.54,0.65,"22"
"480","22051022500 ","Tract ",0.78,0.75,"22"
"481","22085980100 ","Tract ",0.62,0.58,"22"
"482","22017022600 ","Tract ",0.82,0.77,"22"
"483","22039950700 ","Tract ",0.69,0.78,"22"
"484","22073001001 ","Tract ",0.69,0.78,"22"
"485","22033003202 ","Tract ",0.84,0.76,"22"
"486","22127960300 ","Tract ",0.64,0.49,"22"
"487","22021990100 ","Tract ",0.52,0.48,"22"
"488","22051020303 ","Tract ",0.8,0.81,"22"
"489","22041950400 ","Tract ",0.64,0.63,"22"
"490","22051022700 ","Tract ",0.79,0.71,"22"
"491","22051023904 ","Tract ",0.81,0.76,"22"
"492","22031950700 ","Tract ",0.63,0.53,"22"
"493","22073010301 ","Tract ",0.78,0.76,"22"
"494","22107980100 ","Tract ",0.43,0.41,"22"
"495","22051027803 ","Tract ",0.59,0.61,"22"
"496","22101041400 ","Tract ",999,0.68,"22"
"497","22051025900 ","Tract ",0.63,0.7,"22"
"498","22079012100 ","Tract ",0.71,0.73,"22"
"499","22071000607 ","Tract ",0.87,0.76,"22"
"500","22051022900 ","Tract ",0.66,0.74,"22"
"501","22001961100 ","Tract ",0.67,0.62,"22"
"502","22011960600 ","Tract ",0.56,0.6,"22"
"503","22013970100 ","Tract ",0.56,0.68,"22"
"504","22051027100 ","Tract ",0.71,0.79,"22"
"505","22051027812 ","Tract ",0.68,0.74,"22"
"506","22051022800 ","Tract ",0.8,0.7,"22"
"507","22097961100 ","Tract ",0.77,0.76,"22"
"508","22007050300 ","Tract ",0.65,0.63,"22"
"509","22017022400 ","Tract ",0.7,0.64,"22"
"510","22071004900 ","Tract ",0.49,0.24,"22"
"511","22071007502 ","Tract ",0.65,0.37,"22"
"512","22071006500 ","Tract ",0.59,0.42,"22"
"513","22057021602 ","Tract ",0.75,0.69,"22"
"514","22051024100 ","Tract ",0.8,0.73,"22"
"515","22039950500 ","Tract ",0.63,0.66,"22"
"516","22009030300 ","Tract ",0.7,0.7,"22"
"517","22017024900 ","Tract ",0.63,0.58,"22"
"518","22045031000 ","Tract ",0.62,0.62,"22"
"519","22103040502 ","Tract ",0.66,0.71,"22"
"520","22033000702 ","Tract ",0.62,0.63,"22"
"521","22051024300 ","Tract ",0.75,0.69,"22"
"522","22111960300 ","Tract ",0.52,0.58,"22"
"523","22051020101 ","Tract ",0.67,0.77,"22"
"524","22087030209 ","Tract ",0.74,0.51,"22"
"525","22079010200 ","Tract ",0.64,0.75,"22"
"526","22119032000 ","Tract ",0.82,0.8,"22"
"527","22101040300 ","Tract ",999,0.56,"22"
"528","22067950600 ","Tract ",0.66,0.6,"22"
"529","22103041101 ","Tract ",0.71,0.69,"22"
"530","22045031200 ","Tract ",0.78,0.79,"22"
"531","22073010302 ","Tract ",0.7,0.63,"22"
"532","22071002402 ","Tract ",0.63,0.43,"22"
"533","22037951300 ","Tract ",0.52,0.55,"22"
"534","22089062700 ","Tract ",0.6,0.53,"22"
"535","22057020800 ","Tract ",0.74,0.79,"22"
"536","22105954300 ","Tract ",0.59,0.62,"22"
"537","22067950400 ","Tract ",0.65,0.65,"22"
"538","22033002000 ","Tract ",0.88,0.82,"22"
"539","22033003601 ","Tract ",0.76,0.66,"22"
"540","22111960400 ","Tract ",0.52,0.68,"22"
"541","22033004204 ","Tract ",0.67,0.67,"22"
"542","22119031400 ","Tract ",0.64,0.62,"22"
"543","22053980600 ","Tract ",0.73,0.64,"22"
"544","22051021500 ","Tract ",0.59,0.58,"22"
"545","22075050400 ","Tract ",0.51,0.5,"22"
"546","22057020100 ","Tract ",0.8,0.79,"22"
"547","22019003500 ","Tract ",0.56,0.56,"22"
"548","22029990500 ","Tract ",0.45,0.47,"22"
"549","22071000606 ","Tract ",0.74,0.77,"22"
"550","22109001100 ","Tract ",0.65,0.66,"22"
"551","22071010900 ","Tract ",0.63,0.59,"22"
"552","22033003505 ","Tract ",0.67,0.69,"22"
"553","22073010101 ","Tract ",0.67,0.78,"22"
"554","22051020506 ","Tract ",0.8,0.83,"22"
"555","22111960600 ","Tract ",0.55,0.69,"22"
"556","22097960800 ","Tract ",0.69,0.75,"22"
"557","22073000600 ","Tract ",0.62,0.64,"22"
"558","22051022102 ","Tract ",0.82,0.78,"22"
"559","22071001737 ","Tract ",0.64,0.32,"22"
"560","22051027400 ","Tract ",0.66,0.65,"22"
"561","22057021400 ","Tract ",0.71,0.61,"22"
"562","22019000900 ","Tract ",0.81,0.74,"22"
"563","22017021100 ","Tract ",0.59,0.6,"22"
"564","22117951000 ","Tract ",0.7,0.67,"22"
"565","22051020600 ","Tract ",0.56,0.58,"22"
"566","22063040700 ","Tract ",0.71,0.76,"22"
"567","22101040700 ","Tract ",999,0.57,"22"
"568","22049970400 ","Tract ",0.72,0.54,"22"
"569","22037951400 ","Tract ",0.51,0.58,"22"
"570","22115950600 ","Tract ",0.53,0.61,"22"
"571","22043020200 ","Tract ",0.52,0.55,"22"
"572","22055001003 ","Tract ",0.79,0.75,"22"
"573","22049970100 ","Tract ",0.47,0.54,"22"
"574","22105954200 ","Tract ",0.61,0.58,"22"
"575","22033000500 ","Tract ",0.54,0.58,"22"
"576","22047952501 ","Tract ",0.64,0.58,"22"
"577","22101041000 ","Tract ",0.66,0.68,"22"
"578","22103040501 ","Tract ",0.58,0.68,"22"
"579","22007050100 ","Tract ",0.61,0.57,"22"
"580","22017024201 ","Tract ",0.74,0.74,"22"
"581","22061960500 ","Tract ",0.84,0.77,"22"
"582","22015010702 ","Tract ",0.81,0.78,"22"
"583","22075050300 ","Tract ",0.7,0.61,"22"
"584","22019003300 ","Tract ",0.67,0.77,"22"
"585","22013970500 ","Tract ",0.55,0.56,"22"
"586","22051022303 ","Tract ",0.68,0.68,"22"
"587","22041950100 ","Tract ",0.77,0.78,"22"
"588","22017023903 ","Tract ",0.74,0.82,"22"
"589","22071004600 ","Tract ",0.73,0.6,"22"
"590","22051027601 ","Tract ",0.76,0.73,"22"
"591","22039950800 ","Tract ",0.64,0.7,"22"
"592","22019000800 ","Tract ",0.69,0.65,"22"
"593","22033001102 ","Tract ",0.62,0.64,"22"
"594","22033004507 ","Tract ",0.83,0.78,"22"
"595","22061960100 ","Tract ",0.72,0.66,"22"
"596","22029990100 ","Tract ",0.52,0.48,"22"
"597","22033001000 ","Tract ",0.6,0.6,"22"
"598","22071003800 ","Tract ",0.34,0.36,"22"
"599","22051020202 ","Tract ",0.61,0.59,"22"
"600","22033000602 ","Tract ",0.66,0.68,"22"
"601","22017023500 ","Tract ",0.74,0.71,"22"
"602","22019002204 ","Tract ",0.72,0.69,"22"
"603","22041950200 ","Tract ",0.7,0.69,"22"
"604","22089062800 ","Tract ",0.55,0.56,"22"
"605","22007050600 ","Tract ",0.69,0.58,"22"
"606","22079012400 ","Tract ",0.71,0.76,"22"
"607","22039950600 ","Tract ",0.66,0.67,"22"
"608","22055002103 ","Tract ",0.64,0.68,"22"
"609","22087030204 ","Tract ",0.59,0.47,"22"
"610","22103041004 ","Tract ",0.85,0.79,"22"
"611","22029990300 ","Tract ",0.65,0.56,"22"
"612","22079012200 ","Tract ",0.72,0.75,"22"
"613","22051024800 ","Tract ",0.83,0.8,"22"
"614","22027950100 ","Tract ",0.5,0.69,"22"
"615","22005030900 ","Tract ",0.63,0.54,"22"
"616","22033003507 ","Tract ",0.79,0.76,"22"
"617","22071000613 ","Tract ",0.49,0.37,"22"
"618","22073010502 ","Tract ",0.72,0.81,"22"
"619","22113950700 ","Tract ",0.75,0.76,"22"
"620","22071009900 ","Tract ",0.6,0.6,"22"
"621","22101040800 ","Tract ",999,0.62,"22"
"622","22055001002 ","Tract ",0.72,0.7,"22"
"623","22019000500 ","Tract ",0.76,0.77,"22"
"624","22053980500 ","Tract ",0.79,0.74,"22"
"625","22067950800 ","Tract ",0.7,0.69,"22"
"626","22051020511 ","Tract ",0.78,0.7,"22"
"627","22105954700 ","Tract ",0.74,0.76,"22"
"628","22053980200 ","Tract ",0.7,0.67,"22"
"629","22021990200 ","Tract ",0.53,0.49,"22"
"630","22051027602 ","Tract ",0.65,0.63,"22"
"631","22097961600 ","Tract ",0.4,0.62,"22"
"632","22071000604 ","Tract ",0.6,0.5,"22"
"633","22117950400 ","Tract ",0.58,0.7,"22"
"634","22017025000 ","Tract ",0.64,0.6,"22"
"635","22071001720 ","Tract ",0.69,0.38,"22"
"636","22089062302 ","Tract ",0.79,0.75,"22"
"637","22073005500 ","Tract ",0.66,0.67,"22"
"638","22061960800 ","Tract ",0.55,0.6,"22"
"639","22045030700 ","Tract ",0.83,0.76,"22"
"640","22061960300 ","Tract ",0.52,0.42,"22"
"641","22015010602 ","Tract ",0.72,0.65,"22"
"642","22073000500 ","Tract ",0.7,0.68,"22"
"643","22071001735 ","Tract ",0.49,0.22,"22"
"644","22105953300 ","Tract ",0.49,0.54,"22"
"645","22109001202 ","Tract ",0.59,0.64,"22"
"646","22019002800 ","Tract ",0.67,0.69,"22"
"647","22049970200 ","Tract ",0.65,0.62,"22"
"648","22051027704 ","Tract ",0.72,0.73,"22"
"649","22069990400 ","Tract ",0.66,0.59,"22"
"650","22057021500 ","Tract ",0.65,0.67,"22"
"651","22071013301 ","Tract ",0.76,0.59,"22"
"652","22111960200 ","Tract ",0.57,0.62,"22"
"653","22069990500 ","Tract ",0.82,0.78,"22"
"654","22019001000 ","Tract ",0.84,0.76,"22"
"655","22057021700 ","Tract ",0.75,0.72,"22"
"656","22087030800 ","Tract ",0.73,0.46,"22"
"657","22015010701 ","Tract ",0.74,0.69,"22"
"658","22077952400 ","Tract ",0.69,0.65,"22"
"659","22101040600 ","Tract ",999,0.59,"22"
"660","22051023002 ","Tract ",0.87,0.81,"22"
"661","22033001600 ","Tract ",0.67,0.67,"22"
"662","22019003600 ","Tract ",0.64,0.59,"22"
"663","22051023500 ","Tract ",0.86,0.79,"22"
"664","22009030100 ","Tract ",0.5,0.44,"22"
"665","22033000900 ","Tract ",0.63,0.64,"22"
"666","22017022800 ","Tract ",0.85,0.77,"22"
"667","22027950400 ","Tract ",0.58,0.68,"22"
"668","22105954400 ","Tract ",0.52,0.58,"22"
"669","22121020100 ","Tract ",0.72,0.76,"22"
"670","22033004401 ","Tract ",0.83,0.8,"22"
"671","22051020507 ","Tract ",0.77,0.75,"22"
"672","22055001904 ","Tract ",0.76,0.73,"22"
"673","22115950400 ","Tract ",0.49,0.62,"22"
"674","22123980200 ","Tract ",0.66,0.63,"22"
"675","22095070700 ","Tract ",0.58,0.58,"22"
"676","22049970300 ","Tract ",0.68,0.58,"22"
"677","22061960200 ","Tract ",0.66,0.58,"22"
"678","22083970600 ","Tract ",0.61,0.65,"22"
"679","22097961200 ","Tract ",0.61,0.72,"22"
"680","22019001100 ","Tract ",0.7,0.65,"22"
"681","22017024602 ","Tract ",0.66,0.66,"22"
"682","22069990200 ","Tract ",0.48,0.43,"22"
"683","22013970300 ","Tract ",0.56,0.52,"22"
"684","22051022400 ","Tract ",0.83,0.77,"22"
"685","22073010603 ","Tract ",0.67,0.67,"22"
"686","22005030600 ","Tract ",0.68,0.62,"22"
"687","22017024601 ","Tract ",0.68,0.64,"22"
"688","22055002102 ","Tract ",0.72,0.76,"22"
"689","22117950300 ","Tract ",0.56,0.67,"22"
"690","22011960200 ","Tract ",0.67,0.79,"22"
"691","22011960300 ","Tract ",0.71,0.66,"22"
"692","22087030103 ","Tract ",0.62,0.55,"22"
"693","22005030102 ","Tract ",0.79,0.78,"22"
"694","22051020513 ","Tract ",0.8,0.62,"22"
"695","22071003308 ","Tract ",0.62,0.51,"22"
"696","22097960200 ","Tract ",0.58,0.43,"22"
"697","22125951701 ","Tract ",0.43,0.41,"22"
"698","22059970100 ","Tract ",0.62,0.59,"22"
"699","22101040400 ","Tract ",999,0.62,"22"
"700","22033003101 ","Tract ",0.62,0.63,"22"
"701","22115950300 ","Tract ",0.56,0.64,"22"
"702","22097961400 ","Tract ",0.43,0.67,"22"
"703","22039950300 ","Tract ",0.59,0.59,"22"
"704","22055002101 ","Tract ",0.72,0.74,"22"
"705","22097960300 ","Tract ",0.61,0.51,"22"
"706","22019003400 ","Tract ",0.78,0.75,"22"
"707","22001960700 ","Tract ",0.66,0.71,"22"
"708","22051023800 ","Tract ",0.68,0.76,"22"
"709","22079010700 ","Tract ",0.56,0.62,"22"
"710","22021990300 ","Tract ",0.61,0.49,"22"
"711","22033002601 ","Tract ",0.82,0.75,"22"
"712","22033002602 ","Tract ",0.72,0.67,"22"
"713","22005030401 ","Tract ",0.67,0.69,"22"
"714","22091951100 ","Tract ",0.46,0.5,"22"
"715","22081960300 ","Tract ",0.57,0.41,"22"
"716","22043020402 ","Tract ",0.62,0.67,"22"
"717","22071001740 ","Tract ",0.66,0.43,"22"
"718","22097961500 ","Tract ",0.44,0.69,"22"
"719","22055001403 ","Tract ",0.81,0.72,"22"
"720","22097960900 ","Tract ",0.67,0.64,"22"
"721","22017021200 ","Tract ",0.64,0.69,"22"
"722","22001960900 ","Tract ",0.66,0.68,"22"
"723","22017024107 ","Tract ",0.8,0.75,"22"
"724","22033004010 ","Tract ",0.87,0.79,"22"
"725","22097961300 ","Tract ",0.38,0.62,"22"
"726","22057021800 ","Tract ",0.41,0.73,"22"
"727","22105953800 ","Tract ",0.57,0.6,"22"
"728","22115950800 ","Tract ",0.51,0.54,"22"
"729","22003950400 ","Tract ",0.62,0.58,"22"
"730","22109000300 ","Tract ",0.79,0.65,"22"
"731","22033003300 ","Tract ",0.64,0.63,"22"
"732","22051025400 ","Tract ",0.69,0.71,"22"
"733","22045030500 ","Tract ",0.71,0.72,"22"
"734","22017024203 ","Tract ",0.68,0.71,"22"
"735","22071007603 ","Tract ",0.78,0.46,"22"
"736","22051027701 ","Tract ",0.67,0.75,"22"
"737","22067950500 ","Tract ",0.71,0.75,"22"
"738","22127960100 ","Tract ",0.56,0.52,"22"
"739","22085980600 ","Tract ",0.57,0.52,"22"
"740","22031950200 ","Tract ",0.6,0.56,"22"
"741","22017024503 ","Tract ",0.76,0.62,"22"
"742","22101040200 ","Tract ",999,0.74,"22"
"743","22033004800 ","Tract ",0.71,0.73,"22"
"744","22015010500 ","Tract ",0.81,0.75,"22"
"745","22017022500 ","Tract ",0.76,0.76,"22"
"746","22053980300 ","Tract ",0.7,0.75,"22"
"747","22083970500 ","Tract ",0.64,0.76,"22"
"748","22017024102 ","Tract ",0.76,0.78,"22"
"749","22055000602 ","Tract ",0.79,0.68,"22"
"750","22019002600 ","Tract ",0.77,0.78,"22"
"751","22055002001 ","Tract ",0.69,0.63,"22"
"752","22071001723 ","Tract ",0.79,0.5,"22"
"753","22071003702 ","Tract ",0.59,0.51,"22"
"754","22097960500 ","Tract ",0.65,0.68,"22"
"755","22019001201 ","Tract ",0.72,0.65,"22"
"756","22103041003 ","Tract ",0.85,0.76,"22"
"757","22019003101 ","Tract ",0.75,0.8,"22"
"758","22003950100 ","Tract ",0.61,0.52,"22"
"759","22123980100 ","Tract ",0.67,0.62,"22"
"760","22033004900 ","Tract ",0.85,0.8,"22"
"761","22051023600 ","Tract ",0.79,0.76,"22"
"762","22029990400 ","Tract ",0.72,0.63,"22"
"763","22069990300 ","Tract ",0.71,0.62,"22"
"764","22071001724 ","Tract ",0.71,0.44,"22"
"765","22033004403 ","Tract ",0.83,0.76,"22"
"766","22051020302 ","Tract ",0.85,0.76,"22"
"767","22117950600 ","Tract ",0.68,0.74,"22"
"768","22069990800 ","Tract ",0.69,0.64,"22"
"769","22017024304 ","Tract ",0.7,0.74,"22"
"770","22055001001 ","Tract ",0.71,0.65,"22"
"771","22019001600 ","Tract ",0.6,0.61,"22"
"772","22033004402 ","Tract ",0.78,0.69,"22"
"773","22077952100 ","Tract ",0.65,0.62,"22"
"774","22033004302 ","Tract ",0.85,0.79,"22"
"775","22033003504 ","Tract ",0.69,0.77,"22"
"776","22061960600 ","Tract ",0.71,0.68,"22"
"777","22025980100 ","Tract ",0.49,0.48,"22"
"778","22111960500 ","Tract ",0.61,0.73,"22"
"779","22053980100 ","Tract ",0.71,0.63,"22"
"780","22079010300 ","Tract ",0.65,0.71,"22"
"781","22085980400 ","Tract ",0.72,0.64,"22"
"782","22055000300 ","Tract ",0.65,0.54,"22"
"783","22113950500 ","Tract ",0.74,0.76,"22"
"784","22069990700 ","Tract ",0.54,0.44,"22"
"785","22059970300 ","Tract ",0.58,0.56,"22"
"786","22057021200 ","Tract ",0.64,0.58,"22"
"787","22077952200 ","Tract ",0.47,0.46,"22"
"788","22117950800 ","Tract ",0.62,0.62,"22"
"789","22033003703 ","Tract ",0.89,0.8,"22"
"790","22037951600 ","Tract ",0.55,0.59,"22"
"791","22001960800 ","Tract ",0.78,0.73,"22"
"792","22101040500 ","Tract ",999,0.61,"22"
"793","22109001000 ","Tract ",0.84,0.75,"22"
"794","22103040801 ","Tract ",0.8,0.64,"22"
"795","22017024504 ","Tract ",0.7,0.61,"22"
"796","22011960500 ","Tract ",0.73,0.79,"22"
"797","22041950300 ","Tract ",0.72,0.58,"22"
"798","22017023000 ","Tract ",0.84,0.77,"22"
"799","22033002500 ","Tract ",0.56,0.52,"22"
"800","22051026100 ","Tract ",0.63,0.57,"22"
"801","22001960500 ","Tract ",0.79,0.72,"22"
"802","22079010600 ","Tract ",0.59,0.6,"22"
"803","22033004602 ","Tract ",0.67,0.7,"22"
"804","22073010202 ","Tract ",0.71,0.83,"22"
"805","22017021600 ","Tract ",0.77,0.77,"22"
"806","22055001901 ","Tract ",0.66,0.73,"22"
"807","22115950200 ","Tract ",0.53,0.58,"22"
"808","22005030103 ","Tract ",0.79,0.77,"22"
"809","22097960700 ","Tract ",0.63,0.79,"22"
"810","22051020510 ","Tract ",0.78,0.77,"22"
"811","22099020100 ","Tract ",0.5,0.74,"22"
"812","22047953101 ","Tract ",0.69,0.74,"22"
"813","22055001905 ","Tract ",0.7,0.71,"22"
"814","22111960100 ","Tract ",0.59,0.56,"22"
"815","22061961000 ","Tract ",0.66,0.61,"22"
"816","22033004205 ","Tract ",0.68,0.75,"22"
"817","22033001104 ","Tract ",0.36,0.52,"22"
"818","22001960200 ","Tract ",0.73,0.69,"22"
"819","22019000700 ","Tract ",0.67,0.72,"22"
"820","22045031300 ","Tract ",0.73,0.77,"22"
"821","22105954800 ","Tract ",0.63,0.73,"22"
"822","22051020502 ","Tract ",0.76,0.66,"22"
"823","22017024400 ","Tract ",0.81,0.8,"22"
"824","22033004700 ","Tract ",0.75,0.75,"22"
"825","22121020300 ","Tract ",0.69,0.7,"22"
"826","22045031100 ","Tract ",0.72,0.66,"22"
"827","22067950200 ","Tract ",0.76,0.73,"22"
"828","22113950200 ","Tract ",0.69,0.81,"22"
"829","22089062301 ","Tract ",0.81,0.76,"22"
"830","22089062100 ","Tract ",0.7,0.68,"22"
"831","22051027000 ","Tract ",0.74,0.69,"22"
"832","22051027501 ","Tract ",0.76,0.72,"22"
"833","22051021700 ","Tract ",0.8,0.7,"22"
"834","22103040706 ","Tract ",0.69,0.7,"22"
"835","22079013300 ","Tract ",0.6,0.59,"22"
"836","22095070500 ","Tract ",0.67,0.73,"22"
"837","22115950100 ","Tract ",0.62,0.73,"22"
"838","22105954101 ","Tract ",0.55,0.59,"22"
"839","22071007700 ","Tract ",0.51,0.41,"22"
"840","22017022200 ","Tract ",0.72,0.68,"22"
"841","22117950500 ","Tract ",0.57,0.72,"22"
"842","22055002104 ","Tract ",0.7,0.76,"22"
"843","22019002203 ","Tract ",0.77,0.69,"22"
"844","22033004011 ","Tract ",0.52,0.56,"22"
"845","22103040708 ","Tract ",0.82,0.72,"22"
"846","22051027200 ","Tract ",0.73,0.75,"22"
"847","22057020500 ","Tract ",0.75,0.76,"22"
"848","22055001300 ","Tract ",0.68,0.65,"22"
"849","22033003604 ","Tract ",0.63,0.58,"22"
"850","22019003000 ","Tract ",0.69,0.72,"22"
"851","22095070300 ","Tract ",0.8,0.75,"22"
"852","22109001500 ","Tract ",0.87,0.82,"22"
"853","22029990200 ","Tract ",0.56,0.49,"22"
"854","22113950800 ","Tract ",0.68,0.61,"22"
"855","22103040705 ","Tract ",0.75,0.69,"22"
"856","22105953400 ","Tract ",0.56,0.5,"22"
"857","22109000900 ","Tract ",0.74,0.73,"22"
"858","22117950700 ","Tract ",0.7,0.73,"22"
"859","22089063100 ","Tract ",0.78,0.78,"22"
"860","22045030600 ","Tract ",0.83,0.78,"22"
"861","22055001903 ","Tract ",0.61,0.61,"22"
"862","22109000700 ","Tract ",0.64,0.64,"22"
"863","22051027809 ","Tract ",0.76,0.76,"22"
"864","22081960100 ","Tract ",0.62,0.49,"22"
"865","22077951900 ","Tract ",0.61,0.55,"22"
"866","22033004201 ","Tract ",0.71,0.75,"22"
"867","22119031300 ","Tract ",0.81,0.62,"22"
"868","22105953600 ","Tract ",0.49,0.47,"22"
"869","22127960200 ","Tract ",0.56,0.62,"22"
"870","22001960400 ","Tract ",0.78,0.65,"22"
"871","22033004504 ","Tract ",0.78,0.73,"22"
"872","22001961000 ","Tract ",0.7,0.76,"22"
"873","22095070200 ","Tract ",0.72,0.72,"22"
"874","22017022900 ","Tract ",0.76,0.69,"22"
"875","22017023700 ","Tract ",0.7,0.66,"22"
"876","22017023800 ","Tract ",0.74,0.71,"22"
"877","22059970200 ","Tract ",0.63,0.58,"22"
"878","22045030200 ","Tract ",0.71,0.69,"22"
"879","22055002002 ","Tract ",0.72,0.61,"22"
"880","22113950400 ","Tract ",0.76,0.79,"22"
"881","22005030101 ","Tract ",0.73,0.75,"22"
"882","22099020600 ","Tract ",0.61,0.68,"22"
"883","22063040802 ","Tract ",0.62,0.59,"22"
"884","22051027806 ","Tract ",0.82,0.75,"22"
"885","22103040304 ","Tract ",0.77,0.81,"22"
"886","22001960600 ","Tract ",0.77,0.76,"22"
"887","22055001100 ","Tract ",0.66,0.69,"22"
"888","22071001722 ","Tract ",0.64,0.33,"22"
"889","22039950100 ","Tract ",0.6,0.61,"22"
"890","22073000200 ","Tract ",0.82,0.77,"22"
"891","22089063200 ","Tract ",0.67,0.65,"22"
"892","22071004200 ","Tract ",0.33,0.29,"22"
"893","22117950200 ","Tract ",0.63,0.69,"22"
"894","22033004503 ","Tract ",0.76,0.68,"22"
"895","22073005302 ","Tract ",0.75,0.81,"22"
"896","22103040704 ","Tract ",0.62,0.66,"22"
"897","22033003400 ","Tract ",0.63,0.65,"22"
"898","22009030600 ","Tract ",0.58,0.41,"22"
"899","22033003804 ","Tract ",0.78,0.71,"22"
"900","22061960400 ","Tract ",0.65,0.65,"22"
"901","22055001402 ","Tract ",0.78,0.79,"22"
"902","22017023400 ","Tract ",0.74,0.76,"22"
"903","22079012500 ","Tract ",0.78,0.7,"22"
"904","22055001700 ","Tract ",0.88,0.81,"22"
"905","22057021601 ","Tract ",0.64,0.81,"22"
"906","22109000600 ","Tract ",0.7,0.74,"22"
"907","22051020509 ","Tract ",0.77,0.72,"22"
"908","22037951500 ","Tract ",0.58,0.67,"22"
"909","22019001400 ","Tract ",0.64,0.67,"22"
"910","22109001300 ","Tract ",0.58,0.7,"22"
"911","22039950400 ","Tract ",0.68,0.77,"22"
"912","22061960700 ","Tract ",0.77,0.66,"22"
"913","22109000800 ","Tract ",0.79,0.7,"22"
"914","22001960100 ","Tract ",0.76,0.76,"22"
"915","22033001700 ","Tract ",0.72,0.77,"22"
"916","22071001728 ","Tract ",0.58,0.38,"22"
"917","22033003701 ","Tract ",0.86,0.76,"22"
"918","22103040400 ","Tract ",0.8,0.84,"22"
"919","22033002800 ","Tract ",0.61,0.49,"22"
"920","22073000100 ","Tract ",0.74,0.76,"22"
"921","22009030700 ","Tract ",0.63,0.58,"22"
"922","22005031000 ","Tract ",0.66,0.58,"22"
"923","22023970100 ","Tract ",0.58,0.51,"22"
"924","22073005301 ","Tract ",0.71,0.79,"22"
"925","22069990900 ","Tract ",0.56,0.49,"22"
"926","22109000101 ","Tract ",0.7,0.65,"22"
"927","22071001742 ","Tract ",0.61,0.38,"22"
"928","22099020400 ","Tract ",0.65,0.71,"22"
"929","22015011103 ","Tract ",0.79,0.81,"22"
"930","22017024108 ","Tract ",0.8,0.78,"22"
"931","22051025202 ","Tract ",0.7,0.66,"22"
"932","22097960600 ","Tract ",0.59,0.66,"22"
"933","22097961800 ","Tract ",0.69,0.65,"22"
"934","22019002400 ","Tract ",0.66,0.56,"22"
"935","22033003506 ","Tract ",0.77,0.7,"22"
"936","22079010500 ","Tract ",0.61,0.64,"22"
"937","22047952900 ","Tract ",0.63,0.65,"22"
"938","22033000200 ","Tract ",0.59,0.6,"22"
"939","22051025001 ","Tract ",0.71,0.69,"22"
"940","22033004505 ","Tract ",0.75,0.72,"22"
"941","22017022100 ","Tract ",0.75,0.78,"22"
"942","22103040202 ","Tract ",0.75,0.76,"22"
"943","22109000202 ","Tract ",0.78,0.69,"22"
"944","22033004301 ","Tract ",0.81,0.77,"22"
"945","22079013500 ","Tract ",0.58,0.52,"22"
"946","22069990600 ","Tract ",0.65,0.62,"22"
"947","22085980200 ","Tract ",0.42,0.43,"22"
"948","22005030402 ","Tract ",0.67,0.68,"22"
"949","22109000500 ","Tract ",0.77,0.76,"22"
"950","22115950500 ","Tract ",0.57,0.61,"22"
"951","22115950900 ","Tract ",0.49,0.61,"22"
"952","22043020401 ","Tract ",0.6,0.63,"22"
"953","22099020200 ","Tract ",0.69,0.73,"22"
"954","22063040902 ","Tract ",0.53,0.53,"22"
"955","22019001300 ","Tract ",0.82,0.77,"22"
"956","22073010102 ","Tract ",0.69,0.76,"22"
"957","22055001500 ","Tract ",0.8,0.73,"22"
"958","22055001407 ","Tract ",0.79,0.73,"22"
"959","22011960100 ","Tract ",0.53,0.67,"22"
"960","22015011105 ","Tract ",0.77,0.76,"22"
"961","22103041102 ","Tract ",0.7,0.75,"22"
"962","22097961700 ","Tract ",0.68,0.79,"22"
"963","22017024303 ","Tract ",0.73,0.71,"22"
"964","22053980400 ","Tract ",0.73,0.65,"22"
"965","22033004508 ","Tract ",0.88,0.81,"22"
"966","22073010201 ","Tract ",0.73,0.75,"22"
"967","22033003903 ","Tract ",0.65,0.67,"22"
"968","22047952700 ","Tract ",0.66,0.59,"22"
"969","22019000600 ","Tract ",0.66,0.67,"22"
"970","22015010601 ","Tract ",0.72,0.7,"22"
"971","22055001200 ","Tract ",0.72,0.74,"22"
"972","22075050200 ","Tract ",0.71,0.73,"22"
"973","22007050200 ","Tract ",0.62,0.59,"22"
"974","22015010804 ","Tract ",0.87,0.8,"22"
"975","22017024104 ","Tract ",0.74,0.75,"22"
"976","22071000614 ","Tract ",0.74,0.47,"22"
"977","22011960700 ","Tract ",0.61,0.73,"22"
"978","22017024301 ","Tract ",0.8,0.76,"22"
"979","22045030100 ","Tract ",0.66,0.68,"22"
"980","22003950500 ","Tract ",0.61,0.54,"22"
"981","22125951800 ","Tract ",0.6,0.6,"22"
"982","22055001406 ","Tract ",0.74,0.71,"22"
"983","22033004009 ","Tract ",0.72,0.76,"22"
"984","22119031500 ","Tract ",0.6,0.6,"22"
"985","22033003907 ","Tract ",0.78,0.69,"22"
"986","22055001902 ","Tract ",0.78,0.73,"22"
"987","22051027804 ","Tract ",0.79,0.71,"22"
"988","22071001725 ","Tract ",0.74,0.49,"22"
"989","22051022001 ","Tract ",0.62,0.61,"22"
"990","22079011500 ","Tract ",0.75,0.78,"22"
"991","22017024202 ","Tract ",0.81,0.78,"22"
"992","22117950100 ","Tract ",0.63,0.68,"22"
"993","22051027805 ","Tract ",0.76,0.73,"22"
"994","22051020203 ","Tract ",0.85,0.77,"22"
"995","22051027807 ","Tract ",0.82,0.78,"22"
"996","22045030400 ","Tract ",0.64,0.72,"22"
"997","22063040600 ","Tract ",0.73,0.78,"22"
"998","22091951200 ","Tract ",0.48,0.48,"22"
"999","22057021100 ","Tract ",0.59,0.6,"22"
"1000","22033004006 ","Tract ",0.86,0.78,"22"
"1001","22071001732 ","Tract ",0.75,0.59,"22"
"1002","22103041300 ","Tract ",0.72,0.78,"22"
"1003","22009030400 ","Tract ",0.6,0.66,"22"
"1004","22033003802 ","Tract ",0.74,0.69,"22"
"1005","22033003904 ","Tract ",0.68,0.69,"22"
"1006","22103040701 ","Tract ",0.79,0.73,"22"
"1007","22015011200 ","Tract ",0.64,0.63,"22"
"1008","22017023901 ","Tract ",0.65,0.77,"22"
"1009","22085980700 ","Tract ",0.32,0.36,"22"
"1010","22009030500 ","Tract ",0.65,0.6,"22"
"1011","22055001404 ","Tract ",0.8,0.78,"22"
"1012","22103040802 ","Tract ",0.63,0.78,"22"
"1013","22105953500 ","Tract ",0.54,0.55,"22"
"1014","22051021600 ","Tract ",0.66,0.71,"22"
"1015","22063040901 ","Tract ",0.56,0.53,"22"
"1016","22063040301 ","Tract ",0.78,0.7,"22"
"1017","22015010803 ","Tract ",0.79,0.71,"22"
"1018","22071001738 ","Tract ",0.67,0.48,"22"
"1019","22005030500 ","Tract ",0.73,0.74,"22"
"1020","22073005202 ","Tract ",0.8,0.76,"22"
"1021","22113950100 ","Tract ",0.73,0.75,"22"
"1022","22113951000 ","Tract ",0.71,0.69,"22"
"1023","22071000608 ","Tract ",0.84,0.44,"22"
"1024","22119032100 ","Tract ",0.63,0.62,"22"
"1025","22103040201 ","Tract ",0.68,0.68,"22"
"1026","22017024106 ","Tract ",0.81,0.66,"22"
"1027","22051021802 ","Tract ",0.56,0.55,"22"
"1028","22055001401 ","Tract ",0.86,0.75,"22"
"1029","22017024000 ","Tract ",0.86,0.84,"22"
"1030","22051020508 ","Tract ",0.8,0.73,"22"
"1031","22033004604 ","Tract ",0.81,0.79,"22"
"1032","22109001700 ","Tract ",0.83,0.78,"22"
"1033","22115950700 ","Tract ",0.61,0.57,"22"
"1034","22121020400 ","Tract ",0.68,0.65,"22"
"1035","22015011106 ","Tract ",0.63,0.68,"22"
"1036","22109000400 ","Tract ",0.8,0.73,"22"
"1037","22079013200 ","Tract ",0.72,0.78,"22"
"1038","22031950100 ","Tract ",0.63,0.74,"22"
"1039","22019002201 ","Tract ",0.68,0.66,"22"
"1040","22079010100 ","Tract ",0.77,0.8,"22"
"1041","22103040303 ","Tract ",0.76,0.76,"22"
"1042","22055001409 ","Tract ",0.75,0.73,"22"
"1043","22055001405 ","Tract ",0.7,0.74,"22"
"1044","22103041204 ","Tract ",0.65,0.64,"22"
"1045","22055001800 ","Tract ",0.7,0.7,"22"
"1046","22005030206 ","Tract ",0.73,0.74,"22"
"1047","22033003906 ","Tract ",0.85,0.77,"22"
"1048","22051024200 ","Tract ",0.68,0.72,"22"
"1049","22051027900 ","Tract ",0.47,0.41,"22"
"1050","22005030205 ","Tract ",0.79,0.78,"22"
"1051","22073010400 ","Tract ",0.64,0.77,"22"
"1052","22005030203 ","Tract ",0.76,0.79,"22"
"1053","22019002700 ","Tract ",0.7,0.73,"22"
"1054","22019001700 ","Tract ",0.7,0.75,"22"
"1055","22019002000 ","Tract ",0.73,0.6,"22"
"1056","22099020500 ","Tract ",0.65,0.68,"22"
"1057","22105953900 ","Tract ",0.56,0.55,"22"
"1058","22017024502 ","Tract ",0.78,0.72,"22"
"1059","22103040102 ","Tract ",0.62,0.71,"22"
"1060","22105954102 ","Tract ",0.65,0.72,"22"
"1061","22063040100 ","Tract ",0.58,0.6,"22"
"1062","22057021900 ","Tract ",0.76,0.74,"22"
"1063","22103040301 ","Tract ",0.66,0.77,"22"
"1064","22045030300 ","Tract ",0.61,0.66,"22"
"1065","22017023902 ","Tract ",0.79,0.72,"22"
"1066","22033004005 ","Tract ",0.79,0.77,"22"
"1067","22005030204 ","Tract ",0.78,0.83,"22"
"1068","22057020701 ","Tract ",0.81,0.78,"22"
"1069","22103040803 ","Tract ",0.7,0.53,"22"
"1070","22063040200 ","Tract ",0.68,0.66,"22"
"1071","22103040707 ","Tract ",0.82,0.72,"22"
"1072","22105953700 ","Tract ",0.58,0.59,"22"
"1073","22113950900 ","Tract ",0.73,0.7,"22"
"1074","22033003805 ","Tract ",0.78,0.67,"22"
"1075","22105954600 ","Tract ",0.58,0.67,"22"
"1076","22079012300 ","Tract ",0.83,0.77,"22"
"1077","22103041205 ","Tract ",0.79,0.78,"22"
"1078","22033003801 ","Tract ",0.72,0.68,"22"
"1079","22019001800 ","Tract ",0.75,0.72,"22"
"1080","22105954000 ","Tract ",0.57,0.58,"22"
"1081","22055001410 ","Tract ",0.74,0.75,"22"
"1082","22015011108 ","Tract ",0.76,0.82,"22"
"1083","22073010501 ","Tract ",0.68,0.79,"22"
"1084","22099020300 ","Tract ",0.67,0.75,"22"
"1085","22103040101 ","Tract ",0.7,0.68,"22"
"1086","22055000601 ","Tract ",0.68,0.66,"22"
"1087","22063040803 ","Tract ",0.71,0.75,"22"
"1088","22019001902 ","Tract ",0.74,0.76,"22"
"1089","22063040500 ","Tract ",0.65,0.71,"22"
"1090","22063040804 ","Tract ",0.71,0.75,"22"
"1091","22105954500 ","Tract ",0.58,0.65,"22"
"1092","22015011000 ","Tract ",0.74,0.78,"22"
"1093","22103041206 ","Tract ",0.81,0.78,"22"
"1094","22063040302 ","Tract ",0.75,0.7,"22"
"1095","22005030300 ","Tract ",0.65,0.7,"22"
"1096","22063040400 ","Tract ",0.65,0.63,"22"
"1097","22033004502 ","Tract ",0.81,0.74,"22"
"1098","22103040603 ","Tract ",0.66,0.79,"22"
"1099","22015011104 ","Tract ",0.76,0.75,"22"
"1100","22033004012 ","Tract ",0.67,0.73,"22"
"1101","22033004007 ","Tract ",0.6,0.58,"22"
